Rank,NombreJuego,Consola,AnnoPublicacion,Genero,Publisher,NA_Sales,EU_Sales,JP_Sales,Other_Sales,Global_Sales
2,Super Mario Bros.,NES,1985.0,Platform,Nintendo,29.08,3.58,6.81,0.77,40.24
7,New Super Mario Bros.,DS,2006.0,Platform,Nintendo,11.38,9.23,6.5,2.9,30.01
9,New Super Mario Bros. Wii,Wii,2009.0,Platform,Nintendo,14.59,7.06,4.7,2.26,28.62
19,Super Mario World,SNES,1990.0,Platform,Nintendo,12.78,3.75,3.54,0.55,20.61
22,Super Mario Land,GB,1989.0,Platform,Nintendo,10.83,2.71,4.18,0.42,18.14
23,Super Mario Bros. 3,NES,1988.0,Platform,Nintendo,9.54,3.44,3.84,0.46,17.28
47,Super Mario 64,N64,1996.0,Platform,Nintendo,6.91,2.85,1.91,0.23,11.89
49,Super Mario Galaxy,Wii,2007.0,Platform,Nintendo,6.16,3.4,1.2,0.76,11.52
54,Super Mario 3D Land,3DS,2011.0,Platform,Nintendo,4.89,2.99,2.13,0.78,10.79
58,Super Mario All-Stars,SNES,1993.0,Platform,Nintendo,5.99,2.15,2.12,0.29,10.55
60,Super Mario 64,DS,2004.0,Platform,Nintendo,5.08,3.11,1.25,0.98,10.42
65,New Super Mario Bros. 2,3DS,2012.0,Platform,Nintendo,3.66,3.07,2.47,0.63,9.82
72,Donkey Kong Country,SNES,1994.0,Platform,Nintendo,4.36,1.71,3.0,0.23,9.3
92,Super Mario Galaxy 2,Wii,2010.0,Platform,Nintendo,3.66,2.42,0.98,0.64,7.69
96,Crash Bandicoot 2: Cortex Strikes Back,PS,1997.0,Platform,Sony Computer Entertainment,3.78,2.17,1.31,0.31,7.58
97,Super Mario Bros. 2,NES,1988.0,Platform,Nintendo,5.39,1.18,0.7,0.19,7.46
107,Crash Bandicoot 3: Warped,PS,1998.0,Platform,Sony Computer Entertainment,3.68,1.75,1.42,0.28,7.13
117,Crash Bandicoot,PS,1996.0,Platform,Sony Computer Entertainment,3.23,2.35,0.94,0.3,6.82
126,Donkey Kong Country Returns,Wii,2010.0,Platform,Nintendo,3.25,1.84,1.03,0.47,6.59
136,Super Mario Sunshine,GC,2002.0,Platform,Nintendo,4.01,1.26,0.87,0.17,6.31
144,Sonic the Hedgehog 2,GEN,1992.0,Platform,Sega,4.47,1.2,0.16,0.19,6.03
149,LittleBigPlanet,PS3,2008.0,Platform,Sony Computer Entertainment,2.8,2.05,0.17,0.9,5.92
163,Super Mario Advance,GBA,2001.0,Platform,Nintendo,3.14,1.24,0.91,0.2,5.49
165,Super Mario World,GBA,2001.0,Platform,Nintendo,3.21,1.11,0.95,0.2,5.46
168,Crash Bandicoot: The Wrath of Cortex,PS2,2001.0,Platform,Universal Interactive,2.07,2.29,0.24,0.82,5.42
176,Donkey Kong 64,N64,1999.0,Platform,Nintendo,3.33,0.79,1.09,0.06,5.27
183,Super Mario Bros. 3,GBA,2003.0,Platform,Nintendo,2.93,1.25,0.83,0.2,5.2
184,New Super Mario Bros. U,WiiU,2012.0,Platform,Nintendo,2.32,1.3,1.27,0.31,5.19
185,Super Mario Land 3: Wario Land,GB,1994.0,Platform,Nintendo,2.49,0.98,1.57,0.15,5.19
188,Donkey Kong Country 2: Diddy's Kong Quest,SNES,1995.0,Platform,Nintendo,2.1,0.74,2.2,0.11,5.15
192,Kirby's Dream Land,GB,1992.0,Platform,Nintendo,2.71,0.61,1.7,0.11,5.13
201,Super Mario Bros.,GB,1999.0,Platform,Nintendo,3.4,1.3,0.15,0.22,5.07
206,Spyro the Dragon,PS,1998.0,Platform,Sony Computer Entertainment,3.36,1.36,0.07,0.21,5.0
240,Pitfall!,2600,1981.0,Platform,Activision,4.21,0.24,0.0,0.05,4.5
255,Sonic the Hedgehog,GEN,1991.0,Platform,Sega,3.03,0.91,0.26,0.13,4.34
262,Super Mario 3D World,WiiU,2013.0,Platform,Nintendo,2.11,1.11,0.72,0.3,4.25
267,Daxter,PSP,2006.0,Platform,Sony Computer Entertainment,2.45,1.02,0.0,0.75,4.22
283,Super Mario World 2: Yoshi's Island,SNES,1995.0,Platform,Nintendo,1.65,0.61,1.76,0.09,4.12
306,Donkey Kong Land,GB,1994.0,Platform,Nintendo,1.97,0.76,1.07,0.11,3.91
327,Ratchet & Clank: Size Matters,PSP,2007.0,Platform,Sony Computer Entertainment,1.4,1.4,0.1,0.87,3.77
330,Super Paper Mario,Wii,2007.0,Platform,Nintendo,1.98,0.88,0.59,0.32,3.76
334,Spyro: Year of the Dragon,PS,2000.0,Platform,Sony Computer Entertainment,1.93,1.58,0.0,0.19,3.71
342,Banjo-Kazooie,N64,1998.0,Platform,Nintendo,1.87,1.13,0.55,0.1,3.65
346,Jak and Daxter: The Precursor Legacy,PS2,2001.0,Platform,Sony Computer Entertainment,2.08,1.09,0.15,0.33,3.64
360,Croc: Legend of the Gobbos,PS,1997.0,Platform,Fox Interactive,1.57,1.79,0.0,0.2,3.56
369,Spyro 2: Ripto's Rage!,PS,1999.0,Platform,Sony Computer Entertainment,2.14,1.21,0.01,0.17,3.52
373,Donkey Kong Country 3: Dixie Kong's Double Trouble!,SNES,1996.0,Platform,Nintendo,1.17,0.5,1.75,0.08,3.51
388,LittleBigPlanet 2,PS3,2011.0,Platform,Sony Computer Entertainment,1.82,1.07,0.06,0.47,3.42
405,Ratchet & Clank,PS2,2002.0,Platform,Sony Computer Entertainment,1.44,1.01,0.57,0.3,3.33
430,Super Mario Maker,WiiU,2015.0,Platform,Nintendo,1.18,0.87,0.93,0.2,3.18
438,Sonic Rush,DS,2005.0,Platform,Sega,1.22,1.57,0.06,0.29,3.15
456,Donkey Kong,GB,1994.0,Platform,Nintendo,1.57,0.62,0.55,0.34,3.07
461,Epic Mickey,Wii,2010.0,Platform,Disney Interactive Studios,2.06,0.64,0.12,0.22,3.04
463,Rayman,PS,1995.0,Platform,Ubisoft,1.54,1.33,0.0,0.16,3.03
481,Sonic Heroes,PS2,2003.0,Platform,Sega,1.04,1.37,0.06,0.49,2.96
482,Kirby Super Star Ultra,DS,2008.0,Platform,Nintendo,1.57,0.04,1.19,0.15,2.96
493,Super Mario World 2: Yoshi's Island,GBA,2002.0,Platform,Nintendo,1.75,0.45,0.62,0.09,2.91
511,Yoshi's Story,N64,1997.0,Platform,Nintendo,1.29,0.53,0.98,0.05,2.85
527,Yoshi's Island DS,DS,2006.0,Platform,Nintendo,1.47,0.07,1.1,0.15,2.8
530,A Bug's Life,PS,1998.0,Platform,Sony Computer Entertainment,1.96,0.72,0.0,0.11,2.79
538,Jak II,PS2,2003.0,Platform,Sony Computer Entertainment,1.68,0.74,0.0,0.36,2.78
540,Ratchet & Clank: Going Commando,PS2,2003.0,Platform,Sony Computer Entertainment,1.44,0.83,0.26,0.25,2.78
543,Sonic and the Secret Rings,Wii,2007.0,Platform,Sega,1.24,1.2,0.04,0.3,2.77
574,Super Mario Bros.: The Lost Levels,NES,1986.0,Platform,Nintendo,0.0,0.0,2.65,0.0,2.65
588,Super Mario All-Stars: Limited Edition,Wii,2010.0,Platform,Nintendo,1.02,0.52,0.92,0.14,2.6
591,Ratchet & Clank Future: Tools of Destruction,PS3,2007.0,Platform,Sony Computer Entertainment,0.93,1.12,0.08,0.45,2.59
593,LittleBigPlanet,PSP,2009.0,Platform,Sony Computer Entertainment,0.64,1.24,0.01,0.69,2.58
598,Ratchet & Clank: Up Your Arsenal,PS2,2004.0,Platform,Sony Computer Entertainment,1.31,0.74,0.31,0.22,2.57
602,Sonic Adventure 2 Battle,GC,2001.0,Platform,Sega,1.7,0.59,0.21,0.07,2.56
638,Sonic Adventure,DC,1998.0,Platform,Sega,1.26,0.61,0.46,0.08,2.42
672,Kirby's Dream Land 2,GB,1995.0,Platform,Nintendo,0.69,0.14,1.48,0.05,2.36
674,Donkey Kong Land II,GB,1996.0,Platform,Nintendo,1.39,0.48,0.4,0.08,2.35
677,Skylanders SWAP Force,Wii,2013.0,Platform,Activision,1.32,0.83,0.0,0.2,2.34
702,Mario Bros.,NES,1983.0,Platform,Nintendo,0.51,0.12,1.63,0.02,2.28
710,Kirby: Nightmare in Dream Land,GBA,2002.0,Platform,Nintendo,1.22,0.1,0.91,0.04,2.27
711,Wario Land 4,GBA,2001.0,Platform,Nintendo,0.9,0.73,0.54,0.09,2.26
722,Sonic Advance,GBA,2001.0,Platform,Sega,1.19,0.71,0.22,0.13,2.24
723,Spyro: Season of Ice,GBA,2001.0,Platform,Vivendi Games,1.29,0.83,0.0,0.11,2.23
727,New Super Luigi U,WiiU,2013.0,Platform,Nintendo,1.27,0.62,0.18,0.16,2.22
738,Wario Land 3,GB,2000.0,Platform,Nintendo,1.11,0.51,0.34,0.23,2.2
740,Sonic Unleashed,Wii,2008.0,Platform,Sega,1.28,0.68,0.02,0.21,2.2
746,Donkey Kong Country,GB,2000.0,Platform,Nintendo,1.04,0.72,0.3,0.13,2.19
775,Kirby's Epic Yarn,Wii,2010.0,Platform,Nintendo,1.47,0.09,0.45,0.11,2.12
788,Scooby-Doo! Night of 100 Frights,PS2,2002.0,Platform,THQ,1.17,0.72,0.0,0.22,2.1
836,Donkey Kong Country,GBA,2003.0,Platform,Nintendo,1.2,0.48,0.29,0.07,2.04
861,Sonic Classic Collection,DS,2010.0,Platform,Sega,0.99,0.8,0.0,0.18,1.97
862,Spyro: Enter the Dragonfly,PS2,2002.0,Platform,Universal Interactive,0.74,0.95,0.0,0.28,1.97
871,Kirby Squeak Squad,DS,2006.0,Platform,Nintendo,0.79,0.03,1.05,0.08,1.96
914,Ratchet & Clank Future: A Crack in Time,PS3,2009.0,Platform,Sony Computer Entertainment,1.05,0.54,0.03,0.26,1.88
924,Donkey Kong Country Returns,3DS,2013.0,Platform,Nintendo,0.73,0.62,0.4,0.12,1.87
927,Shrek 2,PS2,2004.0,Platform,Activision,1.12,0.69,0.03,0.02,1.86
929,Turok 2: Seeds of Evil,N64,1997.0,Platform,Acclaim Entertainment,1.37,0.41,0.04,0.04,1.86
931,LittleBigPlanet 3,PS4,2014.0,Platform,Sony Computer Entertainment,0.64,0.92,0.01,0.29,1.86
937,Jak 3,PS2,2004.0,Platform,Sony Computer Entertainment,1.33,0.49,0.0,0.03,1.85
953,Kirby: Triple Deluxe,3DS,2014.0,Platform,Nintendo,0.61,0.34,0.79,0.09,1.82
954,Sonic & Knuckles,GEN,1994.0,Platform,Sega,1.24,0.43,0.03,0.12,1.82
963,Sly 2: Band of Thieves,PS2,2004.0,Platform,Sony Computer Entertainment,0.88,0.69,0.0,0.23,1.81
965,Sonic Advance 2,GBA,2002.0,Platform,Sega,0.93,0.59,0.21,0.07,1.8
970,Disney's The Lion King,SNES,1994.0,Platform,Virgin Interactive,1.26,0.39,0.08,0.06,1.79
986,Kirby 64: The Crystal Shards,N64,2000.0,Platform,Nintendo,0.63,0.06,1.03,0.04,1.77
991,The SpongeBob SquarePants Movie,PS2,2004.0,Platform,THQ,1.06,0.54,0.0,0.16,1.76
993,Sonic the Hedgehog 3,GEN,1994.0,Platform,Sega,1.02,0.47,0.2,0.07,1.76
994,Kid Icarus,NES,1986.0,Platform,Nintendo,0.53,0.12,1.09,0.02,1.76
1011,Disney's Aladdin,SNES,1993.0,Platform,Capcom,0.94,0.34,0.21,0.27,1.75
1012,Kirby's Adventure,NES,1993.0,Platform,Nintendo,0.79,0.14,0.8,0.02,1.75
1021,Sonic Colors,Wii,2010.0,Platform,Sega,0.96,0.61,0.01,0.16,1.74
1032,Crash Bandicoot: The Huge Adventure,GBA,2002.0,Platform,Universal Interactive,0.95,0.7,0.0,0.08,1.73
1044,Toy Story 2: Buzz Lightyear to the Rescue!,PS,1998.0,Platform,Activision,0.99,0.64,0.0,0.08,1.71
1055,Kirby's Return to Dreamland,Wii,2011.0,Platform,Nintendo,0.62,0.21,0.79,0.08,1.7
1089,Knack,PS4,2013.0,Platform,Sony Computer Entertainment Europe,0.43,0.67,0.42,0.15,1.67
1091,Disney's DuckTales,NES,1989.0,Platform,Capcom,0.91,0.3,0.42,0.04,1.67
1098,SpongeBob SquarePants: Battle for Bikini Bottom,PS2,2003.0,Platform,THQ,1.08,0.45,0.0,0.14,1.67
1115,Kirby & the Amazing Mirror,GBA,2004.0,Platform,Nintendo,0.8,0.05,0.76,0.03,1.64
1129,Sonic Generations,PS3,2011.0,Platform,Sega,0.6,0.73,0.02,0.28,1.63
1131,Ape Escape,PS,1999.0,Platform,Sony Computer Entertainment,0.71,0.48,0.32,0.11,1.63
1159,Sonic Heroes,GC,2003.0,Platform,Sega,1.05,0.44,0.06,0.04,1.6
1165,Mario Bros.,2600,1982.0,Platform,Atari,1.48,0.09,0.0,0.02,1.59
1181,Spyro 2: Season of Flame,GBA,2002.0,Platform,Vivendi Games,0.85,0.65,0.0,0.08,1.58
1189,Donkey Kong Classics,NES,1988.0,Platform,Nintendo,0.59,0.14,0.81,0.02,1.56
1229,Donkey Kong Country: Tropical Freeze,WiiU,2014.0,Platform,Nintendo,0.73,0.52,0.15,0.12,1.52
1262,Ice Climber,NES,1985.0,Platform,Nintendo,0.46,0.1,0.92,0.02,1.5
1263,Sonic CD,SCD,1993.0,Platform,Sega,1.0,0.36,0.09,0.05,1.5
1264,Ninja Hattori Kun: Ninja wa Shuugyou Degogiru no Maki,NES,1986.0,Platform,Hudson Soft,0.0,0.0,1.5,0.0,1.5
1273,Banjo-Tooie,N64,2000.0,Platform,Nintendo,0.82,0.36,0.25,0.06,1.49
1282,Wario Land II,GB,1997.0,Platform,Nintendo,0.7,0.35,0.39,0.04,1.48
1291,Disney Princess,GBA,2003.0,Platform,THQ,1.04,0.37,0.0,0.06,1.47
1298,LittleBigPlanet PS Vita,PSV,2012.0,Platform,Sony Computer Entertainment,0.4,0.72,0.02,0.33,1.47
1300,The SpongeBob SquarePants Movie,GBA,2004.0,Platform,THQ,1.02,0.38,0.0,0.06,1.46
1304,Wall-E,DS,2008.0,Platform,THQ,0.46,0.83,0.0,0.17,1.46
1308,Donkey Kong,2600,1981.0,Platform,Coleco,1.36,0.08,0.0,0.02,1.46
1316,LEGO City Undercover,3DS,2013.0,Platform,Nintendo,0.51,0.75,0.07,0.12,1.46
1338,Kirby Super Star,SNES,1996.0,Platform,Nintendo,0.26,0.07,1.09,0.02,1.44
1352,Disney's DuckTales,GB,1988.0,Platform,Capcom,0.82,0.23,0.35,0.03,1.43
1353,Classic NES Series: Super Mario Bros.,GBA,2004.0,Platform,Nintendo,0.0,0.0,1.39,0.03,1.43
1361,Sonic Generations,X360,2011.0,Platform,Sega,0.71,0.57,0.0,0.14,1.42
1374,Disney's The Lion King,GEN,1994.0,Platform,Virgin Interactive,0.97,0.37,0.03,0.05,1.41
1386,Sonic Advance 3,GBA,2004.0,Platform,THQ,0.74,0.52,0.08,0.06,1.4
1420,Sonic Colors,DS,2010.0,Platform,Sega,0.74,0.5,0.01,0.13,1.37
1426,Crash Bandicoot 2: N-Tranced,GBA,2003.0,Platform,Vivendi Games,0.63,0.66,0.0,0.07,1.36
1432,Yoshi's New Island,3DS,2014.0,Platform,Nintendo,0.47,0.51,0.28,0.09,1.36
1462,Donkey Kong Jungle Beat,GC,2004.0,Platform,Nintendo,0.84,0.22,0.24,0.04,1.34
1468,Ratchet & Clank: Up Your Arsenal (Weekly american sales),PS2,2004.0,Platform,Sony Computer Entertainment,1.27,0.05,0.0,0.02,1.33
1471,Skylanders SWAP Force,X360,2013.0,Platform,Activision,0.86,0.36,0.0,0.11,1.33
1507,Madagascar,PS2,2005.0,Platform,Activision,0.78,0.45,0.0,0.07,1.31
1510,Pitfall II: Lost Caverns,2600,1983.0,Platform,Activision,1.22,0.07,0.0,0.02,1.31
1528,Yoshi's Woolly World,WiiU,2015.0,Platform,Nintendo,0.61,0.47,0.11,0.1,1.29
1534,Pirates of the Caribbean: The Curse of the Black Pearl,GBA,2003.0,Platform,TDK Mediactive,0.93,0.34,0.0,0.02,1.29
1553,Castlevania: Symphony of the Night,PS,1997.0,Platform,Konami Digital Entertainment,0.58,0.4,0.21,0.08,1.27
1567,Sonic Adventure DX: Director's Cut,GC,2003.0,Platform,Sega,0.87,0.3,0.06,0.03,1.27
1606,Oddworld: Abe's Oddysee,PS,1997.0,Platform,GT Interactive,0.75,0.44,0.0,0.06,1.24
1613,Frogger: The Great Quest,PS2,2001.0,Platform,Konami Digital Entertainment,0.6,0.47,0.0,0.16,1.23
1616,Crash Bandicoot: The Wrath of Cortex,XB,2002.0,Platform,Universal Interactive,0.59,0.57,0.0,0.07,1.23
1623,SpongeBob SquarePants: Battle for Bikini Bottom,GBA,2003.0,Platform,THQ,0.88,0.33,0.0,0.02,1.23
1625,Castlevania,NES,1986.0,Platform,Konami Digital Entertainment,0.54,0.06,0.62,0.01,1.23
1626,Donkey Kong Country 2,GBA,2004.0,Platform,Nintendo,0.79,0.27,0.12,0.04,1.23
1657,Sly Cooper and the Thievius Raccoonus,PS2,2002.0,Platform,Sony Computer Entertainment,1.03,0.14,0.0,0.04,1.21
1659,The Magical Quest starring Mickey Mouse,SNES,1992.0,Platform,Capcom,0.66,0.17,0.35,0.03,1.21
1678,Ganbare Goemon! Karakuri Douchuu,NES,1986.0,Platform,Konami Digital Entertainment,0.0,0.0,1.2,0.0,1.2
1693,SpongeBob SquarePants: Revenge of the Flying Dutchman,GBA,2002.0,Platform,THQ,0.92,0.23,0.0,0.04,1.19
1697,Disney's Chip 'n Dale: Rescue Rangers,NES,1990.0,Platform,Capcom,0.68,0.14,0.35,0.02,1.19
1717,Sonic the Hedgehog,PS3,2006.0,Platform,Sega,0.41,0.07,0.04,0.66,1.18
1718,Super Ghouls 'n Ghosts,SNES,1991.0,Platform,Capcom,0.5,0.14,0.52,0.02,1.18
1724,Ty the Tasmanian Tiger,PS2,2002.0,Platform,Electronic Arts,0.57,0.45,0.0,0.15,1.17
1725,Wario Land: Shake It!,Wii,2008.0,Platform,Nintendo,0.6,0.31,0.15,0.11,1.17
1726,Sonic Rush Adventure,DS,2007.0,Platform,Sega,0.54,0.49,0.01,0.12,1.17
1728,Mega Man 3,NES,1990.0,Platform,Capcom,0.68,0.1,0.39,0.0,1.17
1729,Ratchet & Clank (2016),PS4,2016.0,Platform,Sony Computer Entertainment,0.32,0.64,0.04,0.18,1.17
1738,Mirror's Edge,X360,2008.0,Platform,Electronic Arts,0.51,0.51,0.01,0.13,1.17
1753,Mega Man X,SNES,1993.0,Platform,Capcom,0.57,0.08,0.5,0.01,1.16
1770,Sonic and the Black Knight,Wii,2009.0,Platform,Sega,0.69,0.35,0.01,0.11,1.15
1776,Ratchet & Clank: All 4 One,PS3,2011.0,Platform,Sony Computer Entertainment,0.75,0.22,0.05,0.12,1.15
1780,Tak and the Power of Juju,PS2,2003.0,Platform,THQ,0.56,0.44,0.0,0.15,1.15
1790,Mirror's Edge,PS3,2008.0,Platform,Electronic Arts,0.31,0.59,0.02,0.22,1.14
1791,Rabbids Go Home,Wii,2009.0,Platform,Ubisoft,0.26,0.75,0.0,0.14,1.14
1811,Donkey Kong,NES,1983.0,Platform,Nintendo,0.23,0.05,0.84,0.01,1.13
1841,Donkey Kong Jr.,NES,1983.0,Platform,Nintendo,0.33,0.07,0.7,0.01,1.11
1853,Jungle Hunt,2600,1982.0,Platform,Atari,1.03,0.06,0.0,0.01,1.1
1863,Popeye,NES,1983.0,Platform,Nintendo,0.51,0.12,0.45,0.02,1.1
1897,SpongeBob SquarePants: Revenge of the Flying Dutchman,PS2,2002.0,Platform,THQ,0.53,0.41,0.0,0.14,1.08
1907,Joust,2600,1982.0,Platform,Atari,1.01,0.06,0.0,0.01,1.08
1911,LEGO City Undercover,WiiU,2013.0,Platform,Nintendo,0.47,0.4,0.13,0.08,1.08
1915,Disney's Lilo & Stitch,GBA,2002.0,Platform,Ubisoft,0.77,0.29,0.0,0.02,1.08
1929,Super Princess Peach,DS,2005.0,Platform,Nintendo,0.72,0.06,0.21,0.07,1.07
1932,Skylanders SWAP Force,PS3,2013.0,Platform,Activision,0.43,0.44,0.0,0.2,1.07
1958,Dora the Explorer: Dora Saves the Mermaids,DS,2007.0,Platform,Take-Two Interactive,0.97,0.01,0.0,0.08,1.06
1973,Adventure Island,NES,1986.0,Platform,Hudson Soft,0.0,0.0,1.05,0.0,1.05
1985,Sonic the Hedgehog,X360,2006.0,Platform,Sega,0.44,0.49,0.0,0.11,1.05
2008,Kirby: Mass Attack,DS,2011.0,Platform,Nintendo,0.52,0.06,0.41,0.05,1.04
2016,Sonic Unleashed,PS3,2008.0,Platform,Sega,0.56,0.33,0.01,0.14,1.03
2018,Rayman Origins,PS3,2011.0,Platform,Ubisoft,0.33,0.51,0.01,0.18,1.03
2032,Shrek 2,GC,2004.0,Platform,Activision,0.73,0.26,0.01,0.03,1.02
2036,Wall-E,Wii,2008.0,Platform,THQ,0.51,0.4,0.0,0.11,1.02
2046,Sonic Generations,3DS,2011.0,Platform,Sega,0.44,0.46,0.01,0.09,1.01
2055,Rayman Legends,PS4,2014.0,Platform,Ubisoft,0.21,0.61,0.0,0.18,1.01
2095,Oddworld: Abe's Exoddus,PS,1998.0,Platform,GT Interactive,0.55,0.38,0.0,0.06,0.99
2103,Shadow The Hedgehog,GC,2005.0,Platform,Sega,0.76,0.2,0.0,0.03,0.99
2131,de Blob,Wii,2008.0,Platform,THQ,0.5,0.37,0.0,0.1,0.97
2145,Donkey Kong Junior,2600,1981.0,Platform,Atari,0.9,0.05,0.0,0.01,0.97
2161,Sonic Unleashed,X360,2008.0,Platform,Sega,0.54,0.33,0.0,0.09,0.96
2168,Shinobi,PS2,2002.0,Platform,Sony Computer Entertainment,0.36,0.28,0.22,0.09,0.96
2178,SpongeBob SquarePants: Battle for Bikini Bottom,GC,2003.0,Platform,THQ,0.74,0.19,0.0,0.03,0.95
2200,The SpongeBob SquarePants Movie,GC,2004.0,Platform,THQ,0.73,0.19,0.0,0.03,0.94
2235,Mega Man 4,NES,1991.0,Platform,Capcom,0.51,0.09,0.32,0.01,0.93
2236,Castlevania II: Simon's Quest,NES,1987.0,Platform,Konami Digital Entertainment,0.45,0.06,0.42,0.0,0.93
2237,Toy Story 2: Buzz Lightyear to the Rescue!,N64,1999.0,Platform,Activision,0.71,0.2,0.0,0.01,0.93
2261,Balloon Fight,NES,1985.0,Platform,Nintendo,0.39,0.09,0.43,0.01,0.92
2285,Glover,N64,1998.0,Platform,Hasbro Interactive,0.72,0.17,0.0,0.01,0.91
2309,Sonic Heroes,XB,2003.0,Platform,Sega,0.41,0.43,0.01,0.05,0.9
2314,Spider-Man 3,PS2,2007.0,Platform,Activision,0.74,0.03,0.01,0.12,0.9
2326,Madagascar,GBA,2005.0,Platform,Activision,0.62,0.24,0.0,0.03,0.89
2332,Castlevania: Circle of the Moon,GBA,2001.0,Platform,Konami Digital Entertainment,0.6,0.22,0.05,0.02,0.89
2336,The Jak and Daxter Collection,PS3,2012.0,Platform,Sony Computer Entertainment,0.6,0.19,0.0,0.1,0.89
2356,Mega Man 8 Anniversary Collector's Edition,PS,1996.0,Platform,Capcom,0.44,0.3,0.09,0.06,0.88
2378,Gex,PS,1995.0,Platform,Crystal Dynamics,0.49,0.33,0.0,0.06,0.87
2425,The Legendary Starfy,DS,2008.0,Platform,Nintendo,0.61,0.0,0.2,0.05,0.86
2441,Castlevania III: Dracula's Curse,NES,1989.0,Platform,Konami Digital Entertainment,0.4,0.07,0.37,0.01,0.85
2496,Sly 3: Honor Among Thieves,PS2,2005.0,Platform,Sony Computer Entertainment,0.69,0.03,0.0,0.11,0.83
2503,MediEvil,PS,1998.0,Platform,Sony Computer Entertainment,0.46,0.31,0.0,0.05,0.83
2522,Rocket Power: Beach Bandits,PS2,2002.0,Platform,THQ,0.4,0.31,0.0,0.1,0.82
2549,Mega Man,NES,1987.0,Platform,Capcom,0.45,0.08,0.27,0.01,0.81
2601,Rayman Origins,X360,2011.0,Platform,Ubisoft,0.38,0.34,0.0,0.08,0.79
2612,Mega Man 5,NES,1992.0,Platform,Capcom,0.39,0.07,0.32,0.01,0.79
2633,Secret Agent Barbie: Royal Jewels Mission,GBA,2002.0,Platform,Vivendi Games,0.56,0.21,0.0,0.01,0.78
2656,Banjo-Kazooie: Nuts & Bolts,X360,2008.0,Platform,Microsoft Game Studios,0.32,0.36,0.0,0.09,0.78
2675,Conker's Bad Fur Day,N64,2001.0,Platform,THQ,0.53,0.22,0.0,0.02,0.77
2682,Maximo: Ghosts to Glory,PS2,2001.0,Platform,Capcom,0.38,0.29,0.0,0.1,0.77
2684,Donkey Kong Country 3,GBA,2005.0,Platform,Nintendo,0.45,0.17,0.14,0.01,0.77
2688,Sonic Unleashed,PS2,2008.0,Platform,Sega,0.37,0.04,0.0,0.36,0.76
2733,Wall-E,PS2,2008.0,Platform,THQ,0.21,0.0,0.0,0.54,0.75
2736,Mega Man X5,PS,2000.0,Platform,Capcom,0.3,0.21,0.2,0.05,0.75
2760,LittleBigPlanet 3,PS3,2014.0,Platform,Sony Computer Entertainment,0.2,0.43,0.01,0.11,0.75
2798,Classic NES Series: Donkey Kong,GBA,2004.0,Platform,Nintendo,0.4,0.15,0.17,0.01,0.73
2804,Kirby: Canvas Curse,DS,2005.0,Platform,Nintendo,0.37,0.0,0.32,0.04,0.73
2805,Croc 2,PS,1999.0,Platform,Fox Interactive,0.41,0.28,0.0,0.05,0.73
2807,Oddworld: Munch's Oddysee,XB,2001.0,Platform,Atari,0.54,0.16,0.0,0.03,0.73
2827,Rabbids Go Home,DS,2009.0,Platform,Ubisoft,0.35,0.3,0.0,0.07,0.72
2845,Kangaroo,2600,1982.0,Platform,Atari,0.67,0.04,0.0,0.01,0.72
2881,Spyro: Enter the Dragonfly,GC,2002.0,Platform,Universal Interactive,0.55,0.14,0.0,0.02,0.71
2928,Ape Escape: On the Loose,PSP,2005.0,Platform,Sony Computer Entertainment,0.52,0.01,0.12,0.05,0.7
2941,Disney's Chicken Little,GBA,2005.0,Platform,Disney Interactive Studios,0.5,0.18,0.0,0.01,0.7
2957,Mappy,NES,1984.0,Platform,Namco Bandai Games,0.0,0.0,0.69,0.0,0.69
2961,The Sly Collection,PS3,2010.0,Platform,Sony Computer Entertainment,0.52,0.09,0.01,0.07,0.69
2970,Frozen: Olaf's Quest,DS,2013.0,Platform,Disney Interactive Studios,0.28,0.35,0.0,0.06,0.69
2982,Spider-Man 3,PS3,2007.0,Platform,Activision,0.26,0.29,0.02,0.12,0.68
2985,Rayman Legends,WiiU,2013.0,Platform,Ubisoft,0.26,0.33,0.03,0.06,0.68
3043,The Fairly Odd Parents: Breakin Da Rules,PS2,2003.0,Platform,THQ,0.33,0.25,0.0,0.09,0.67
3067,Madagascar,GC,2005.0,Platform,Activision,0.52,0.13,0.0,0.02,0.66
3071,Rayman Legends,PS3,2013.0,Platform,Ubisoft,0.14,0.38,0.0,0.14,0.66
3077,Wario: Master of Disguise,DS,2007.0,Platform,Nintendo,0.28,0.02,0.33,0.03,0.66
3087,Disney's Kim Possible 2: Drakken's Demise,GBA,2004.0,Platform,Disney Interactive Studios,0.47,0.17,0.0,0.01,0.66
3104,Disney's Chicken Little,PS2,2005.0,Platform,Disney Interactive Studios,0.32,0.25,0.0,0.08,0.65
3105,Wall-E,PSP,2008.0,Platform,THQ,0.29,0.22,0.0,0.14,0.65
3106,Yoshi Topsy-Turvy,GBA,2004.0,Platform,Nintendo,0.25,0.09,0.3,0.01,0.65
3137,Crash Bandicoot Purple: Ripto's Rampage,GBA,2004.0,Platform,Vivendi Games,0.46,0.17,0.0,0.01,0.64
3139,Spyro: A Hero's Tail,PS2,2004.0,Platform,Vivendi Games,0.32,0.25,0.0,0.08,0.64
3142,Crash: Twinsanity,PS2,2004.0,Platform,Vivendi Games,0.32,0.25,0.0,0.08,0.64
3150,Rayman 3D,3DS,2011.0,Platform,Ubisoft,0.23,0.35,0.0,0.06,0.64
3153,X2: Wolverine's Revenge,PS2,2003.0,Platform,Activision,0.31,0.24,0.0,0.08,0.64
3159,Castlevania,N64,1999.0,Platform,Konami Digital Entertainment,0.44,0.1,0.04,0.05,0.64
3160,Rayman 2: The Great Escape,N64,1999.0,Platform,Ubisoft,0.4,0.22,0.0,0.02,0.64
3166,The Princess and the Frog,DS,2009.0,Platform,Disney Interactive Studios,0.41,0.17,0.0,0.06,0.64
3182,Lemony Snicket's A Series of Unfortunate Events,PS2,2004.0,Platform,Activision,0.31,0.24,0.0,0.08,0.64
3205,A Bug's Life,N64,1998.0,Platform,Activision,0.49,0.13,0.0,0.01,0.63
3206,Super Castlevania IV,SNES,1991.0,Platform,Konami Digital Entertainment,0.32,0.05,0.25,0.01,0.63
3215,Ape Escape 2,PS2,2002.0,Platform,Sony Computer Entertainment,0.12,0.09,0.38,0.03,0.63
3236,Buzz Lightyear of Star Command,PS,2000.0,Platform,Activision,0.35,0.24,0.0,0.04,0.63
3255,Tak 2: The Staff of Dreams,PS2,2004.0,Platform,THQ,0.3,0.24,0.0,0.08,0.62
3263,Disney's 102 Dalmatians: Puppies to the Rescue,PS,2000.0,Platform,Eidos Interactive,0.34,0.23,0.0,0.04,0.62
3278,Wall-E,X360,2008.0,Platform,THQ,0.29,0.26,0.0,0.07,0.62
3296,Dora the Explorer: Super Spies,GBA,2004.0,Platform,Gotham Games,0.44,0.16,0.0,0.01,0.61
3306,New Play Control! Donkey Kong Jungle Beat,Wii,2008.0,Platform,Nintendo,0.24,0.17,0.14,0.05,0.61
3307,Small Soldiers,PS,1998.0,Platform,Electronic Arts,0.34,0.23,0.0,0.04,0.61
3313,Jak and Daxter: The Lost Frontier,PSP,2009.0,Platform,Sony Computer Entertainment,0.18,0.27,0.0,0.15,0.61
3339,Shadow The Hedgehog,PS2,2005.0,Platform,Sega,0.5,0.02,0.0,0.08,0.6
3355,Secret Agent Clank,PS2,2009.0,Platform,Sony Computer Entertainment,0.13,0.18,0.0,0.29,0.6
3364,Skylanders SWAP Force,WiiU,2013.0,Platform,Activision,0.4,0.15,0.0,0.06,0.6
3386,Rayman Origins,PSV,2012.0,Platform,Ubisoft,0.13,0.35,0.0,0.11,0.59
3409,Crash Bandicoot: The Wrath of Cortex,GC,2002.0,Platform,Universal Interactive,0.46,0.12,0.0,0.02,0.59
3428,Mega Man Anniversary Collection,PS2,2004.0,Platform,Capcom,0.29,0.22,0.0,0.08,0.59
3454,The Legend of Spyro: Dawn of the Dragon,Wii,2008.0,Platform,Vivendi Games,0.35,0.18,0.0,0.05,0.58
3457,Rayman Origins,Wii,2011.0,Platform,Ubisoft,0.23,0.29,0.0,0.07,0.58
3463,Frozen: Olaf's Quest,3DS,2013.0,Platform,Disney Interactive Studios,0.27,0.26,0.0,0.05,0.58
3476,Gex: Enter the Gecko,PS,1998.0,Platform,BMG Interactive Entertainment,0.32,0.22,0.0,0.04,0.58
3502,Ratchet & Clank: Quest for Booty,PS3,2008.0,Platform,Sony Computer Entertainment,0.0,0.53,0.0,0.04,0.58
3509,Spider-Man 3,X360,2007.0,Platform,Activision,0.49,0.04,0.0,0.04,0.57
3542,Dora The Explorer: Dora Saves the Snow Princess,Wii,2008.0,Platform,Take-Two Interactive,0.5,0.03,0.0,0.04,0.57
3547,SpongeBob SquarePants: Battle for Bikini Bottom,XB,2003.0,Platform,THQ,0.45,0.1,0.0,0.02,0.57
3564,Donkey Kong Jungle Climber,DS,2007.0,Platform,Nintendo,0.26,0.04,0.24,0.03,0.56
3573,"Monsters, Inc. Scream Team",PS,2001.0,Platform,Sony Computer Entertainment,0.31,0.21,0.0,0.04,0.56
3593,Mega Man X2,SNES,1993.0,Platform,Laguna,0.09,0.02,0.45,0.0,0.56
3607,Blinx: The Time Sweeper,XB,2002.0,Platform,Microsoft Game Studios,0.39,0.15,0.0,0.02,0.56
3636,Sly Cooper: Thieves in Time,PS3,2013.0,Platform,Sony Computer Entertainment Europe,0.35,0.13,0.0,0.08,0.55
3657,Secret Agent Clank(US sales),PSP,2008.0,Platform,Sony Computer Entertainment,0.33,0.22,0.0,0.0,0.55
3664,Mega Man Zero,GBA,2002.0,Platform,Capcom,0.22,0.08,0.24,0.01,0.55
3670,Shrek 2,XB,2004.0,Platform,Activision,0.4,0.13,0.0,0.02,0.55
3678,Tak and the Power of Juju,GBA,2003.0,Platform,THQ,0.39,0.15,0.0,0.01,0.55
3694,The SpongeBob SquarePants Movie,XB,2004.0,Platform,THQ,0.4,0.12,0.0,0.02,0.54
3708,The Fairly Odd Parents: Breakin' Da Rules,GBA,2003.0,Platform,THQ,0.39,0.14,0.0,0.01,0.54
3746,Over the Hedge,PS2,2006.0,Platform,Activision,0.45,0.02,0.0,0.07,0.54
3750,Popeye,2600,1982.0,Platform,Parker Bros.,0.5,0.03,0.0,0.01,0.54
3752,The Hobbit,PS2,2003.0,Platform,Vivendi Games,0.26,0.2,0.0,0.07,0.54
3776,Gex 3: Deep Cover Gecko,PS,1999.0,Platform,Eidos Interactive,0.3,0.2,0.0,0.03,0.53
3787,Kirby and the Rainbow Curse,WiiU,2015.0,Platform,Nintendo,0.23,0.14,0.12,0.04,0.53
3792,Ty the Tasmanian Tiger 2: Bush Rescue,PS2,2004.0,Platform,Electronic Arts,0.26,0.2,0.0,0.07,0.53
3846,Mega Man 6,NES,1993.0,Platform,Capcom,0.28,0.07,0.16,0.01,0.52
3909,Wrecking Crew,NES,1985.0,Platform,Nintendo,0.0,0.0,0.51,0.0,0.51
3914,SpongeBob SquarePants: Creature from the Krusty Krab,Wii,2006.0,Platform,THQ,0.45,0.02,0.0,0.04,0.51
3918,Disney's Kim Possible: Revenge of Monkey Fist,GBA,2002.0,Platform,THQ,0.37,0.14,0.0,0.01,0.51
3953,Looney Tunes: Back in Action,PS2,2003.0,Platform,Warner Bros. Interactive Entertainment,0.25,0.19,0.0,0.06,0.5
3970,Crash: Mind Over Mutant,PS2,2008.0,Platform,Vivendi Games,0.25,0.19,0.0,0.06,0.5
4007,Rayman Advance,GBA,2001.0,Platform,Ubisoft,0.36,0.13,0.0,0.01,0.5
4016,Nicktoons: Attack of the Toybots,PS2,2007.0,Platform,THQ,0.24,0.19,0.0,0.06,0.5
4034,Sonic Lost World,3DS,2013.0,Platform,Sega,0.24,0.15,0.07,0.03,0.49
4038,SpongeBob SquarePants: Creature from the Krusty Krab,DS,2006.0,Platform,THQ,0.45,0.0,0.0,0.04,0.49
4112,Crash: Mind Over Mutant,X360,2008.0,Platform,Vivendi Games,0.22,0.21,0.0,0.05,0.48
4132,Spider-Man 3,Wii,2007.0,Platform,Activision,0.42,0.02,0.0,0.04,0.48
4164,Castlevania: Dawn of Sorrow,DS,2005.0,Platform,Konami Digital Entertainment,0.37,0.04,0.03,0.04,0.47
4176,Densetsu no Stafi,GBA,2002.0,Platform,Nintendo,0.0,0.0,0.46,0.01,0.47
4185,Spider-Man 3,DS,2007.0,Platform,Activision,0.41,0.02,0.0,0.04,0.47
4188,Bomberman Hero,N64,1998.0,Platform,Nintendo,0.27,0.06,0.08,0.05,0.47
4198,The Princess and the Frog,Wii,2009.0,Platform,Disney Interactive Studios,0.29,0.13,0.0,0.04,0.47
4228,The Legend of Spyro: Dawn of the Dragon,DS,2008.0,Platform,Vivendi Games,0.26,0.15,0.0,0.05,0.46
4239,Disney's Kim Possible 3: Team Possible,GBA,2005.0,Platform,Disney Interactive Studios,0.33,0.12,0.0,0.01,0.46
4244,Crayon Shin-Chan: Arashi o Yobu Enji,SNES,1993.0,Platform,Namco Bandai Games,0.0,0.0,0.46,0.0,0.46
4245,Stuart Little 2,GBA,2002.0,Platform,Activision,0.33,0.12,0.0,0.01,0.46
4248,Tak 2: The Staff of Dreams,GBA,2004.0,Platform,THQ,0.33,0.12,0.0,0.01,0.46
4252,Dora The Explorer: Dora Saves the Snow Princess,DS,2008.0,Platform,Take-Two Interactive,0.27,0.16,0.0,0.04,0.46
4258,Scooby-Doo,GBA,2001.0,Platform,THQ,0.33,0.12,0.0,0.01,0.46
4259,The Legend of Spyro: Dawn of the Dragon,PS3,2008.0,Platform,Vivendi Games,0.19,0.19,0.0,0.08,0.46
4281,Jak and Daxter: The Lost Frontier,PS2,2009.0,Platform,Sony Computer Entertainment,0.22,0.17,0.0,0.06,0.46
4297,Rayman Legends,X360,2013.0,Platform,Ubisoft,0.19,0.23,0.0,0.04,0.46
4313,2 Games in 1: SpongeBob SquarePants: SuperSponge & Rugrats Go Wild,GBA,2005.0,Platform,THQ,0.33,0.12,0.0,0.01,0.45
4322,Crash: Mind Over Mutant,Wii,2008.0,Platform,Vivendi Games,0.36,0.06,0.0,0.03,0.45
4407,Crash: Mind Over Mutant,PSP,2008.0,Platform,Vivendi Games,0.11,0.22,0.0,0.12,0.45
4439,Densetsu no Stafi 2,GBA,2003.0,Platform,Nintendo,0.0,0.0,0.43,0.01,0.44
4469,Wario World,GC,2003.0,Platform,Nintendo,0.34,0.09,0.0,0.01,0.44
4484,Nicktoons: Attack of the Toybots,Wii,2007.0,Platform,THQ,0.4,0.0,0.0,0.03,0.44
4509,NiGHTS into dreams...,SAT,1996.0,Platform,Sega,0.0,0.0,0.43,0.0,0.43
4522,The Powerpuff Girls: Him and Seek,GBA,2002.0,Platform,BAM! Entertainment,0.31,0.11,0.0,0.01,0.43
4523,Mega Man Zero 2,GBA,2003.0,Platform,Capcom,0.18,0.07,0.17,0.01,0.43
4534,Mischief Makers,N64,1997.0,Platform,Nintendo,0.25,0.06,0.07,0.06,0.43
4537,Castlevania: Portrait of Ruin,DS,2006.0,Platform,Konami Digital Entertainment,0.33,0.03,0.04,0.03,0.43
4575,The Legend of Spyro: The Eternal Night,PS2,2007.0,Platform,Vivendi Games,0.21,0.16,0.0,0.05,0.42
4590,Famicom Mini: Super Mario Bros. 2,GBA,2004.0,Platform,Nintendo,0.0,0.0,0.41,0.01,0.42
4591,Crash: Mind Over Mutant,DS,2008.0,Platform,Vivendi Games,0.39,0.0,0.0,0.03,0.42
4608,NiGHTS: Journey of Dreams,Wii,2007.0,Platform,Sega,0.33,0.03,0.04,0.03,0.42
4613,Lemony Snicket's A Series of Unfortunate Events,GBA,2004.0,Platform,Activision,0.3,0.11,0.0,0.01,0.42
4634,Mega Man Anniversary Collection,GC,2004.0,Platform,Capcom,0.32,0.08,0.0,0.01,0.42
4653,Jimmy Neutron: Boy Genius,GBA,2001.0,Platform,THQ,0.3,0.11,0.0,0.01,0.42
4670,Castlevania: The Dracula X Chronicles,PSP,2007.0,Platform,Konami Digital Entertainment,0.22,0.09,0.04,0.07,0.42
4707,Jimmy Neutron: Boy Genius,PS2,2002.0,Platform,THQ,0.2,0.16,0.0,0.05,0.41
4709,Castlevania: Order of Ecclesia,DS,2008.0,Platform,Konami Digital Entertainment,0.31,0.03,0.04,0.03,0.41
4768,"Ed, Edd n Eddy: The Mis-Edventures",PS2,2005.0,Platform,Midway Games,0.34,0.01,0.0,0.06,0.41
4770,Disney's Tarzan Untamed,PS2,2001.0,Platform,Ubisoft,0.2,0.16,0.0,0.05,0.41
4790,Tak and the Power of Juju,GC,2003.0,Platform,THQ,0.31,0.08,0.0,0.01,0.4
4795,Wall-E,PS3,2008.0,Platform,THQ,0.12,0.21,0.0,0.08,0.4
4826,The Legend of Spyro: Dawn of the Dragon,PS2,2008.0,Platform,Vivendi Games,0.12,0.01,0.0,0.27,0.4
4834,Bugs Bunny: Lost in Time,PS,1999.0,Platform,Infogrames,0.22,0.15,0.0,0.03,0.4
4858,Sonic Lost World,WiiU,2013.0,Platform,Sega,0.24,0.12,0.01,0.03,0.4
4865,I-Ninja,PS2,2003.0,Platform,Sony Computer Entertainment,0.19,0.15,0.0,0.05,0.4
4912,LocoRoco,PSP,2006.0,Platform,Sony Computer Entertainment,0.14,0.05,0.16,0.04,0.39
4924,Yoshi Touch & Go,DS,2005.0,Platform,Nintendo,0.34,0.02,0.0,0.03,0.39
4960,Ice Age 2: The Meltdown,PS2,2006.0,Platform,Vivendi Games,0.19,0.15,0.0,0.05,0.39
4985,Wario Land II (GBC),GB,1998.0,Platform,Nintendo,0.0,0.0,0.38,0.0,0.38
5000,The Cat in the Hat,GBA,2005.0,Platform,Jack of All Games,0.27,0.1,0.0,0.01,0.38
5012,Raving Rabbids: Travel in Time 3D,3DS,2011.0,Platform,Ubisoft,0.11,0.23,0.0,0.04,0.38
5037,Dora The Explorer: Dora Saves the Snow Princess,PS2,2008.0,Platform,Take-Two Interactive,0.19,0.15,0.0,0.05,0.38
5074,The Legend of Spyro: A New Beginning,DS,2006.0,Platform,Vivendi Games,0.34,0.01,0.0,0.03,0.38
5092,The Legend of Spyro: The Eternal Night,DS,2007.0,Platform,Vivendi Games,0.32,0.03,0.0,0.03,0.37
5110,"Monsters, Inc. Scream Arena",GC,2002.0,Platform,THQ,0.29,0.07,0.0,0.01,0.37
5138,Bionic Commando,PS3,2009.0,Platform,Capcom,0.12,0.17,0.01,0.07,0.37
5157,Skylanders SWAP Force,PS4,2013.0,Platform,Activision,0.2,0.12,0.0,0.05,0.37
5186,LocoRoco 2,PSP,2008.0,Platform,Sony Computer Entertainment,0.21,0.09,0.01,0.05,0.36
5202,Kirby's Dream Land 3,SNES,1997.0,Platform,Nintendo,0.0,0.0,0.36,0.0,0.36
5236,Disney's The Haunted Mansion,PS2,2003.0,Platform,Take-Two Interactive,0.18,0.14,0.0,0.05,0.36
5254,Ganbare Goemon 3: Shishi Jyuurokubei no Karakuri Manji Katame,SNES,1994.0,Platform,Konami Digital Entertainment,0.0,0.0,0.36,0.0,0.36
5256,Mega Man Zero Collection,DS,2010.0,Platform,Capcom,0.21,0.02,0.11,0.02,0.36
5264,Shrek,XB,2001.0,Platform,TDK Mediactive,0.25,0.1,0.0,0.01,0.36
5305,Mega Man ZX Advent,DS,2007.0,Platform,Capcom,0.23,0.0,0.09,0.02,0.35
5315,The Fairly Odd Parents: Shadow Showdown,PS2,2004.0,Platform,THQ,0.17,0.13,0.0,0.04,0.35
5328,The Tale of Despereaux,PS2,2008.0,Platform,Brash Entertainment,0.17,0.13,0.0,0.04,0.35
5341,Rugrats: Royal Ransom,PS2,2002.0,Platform,THQ,0.17,0.13,0.0,0.04,0.35
5345,Over the Hedge,GC,2006.0,Platform,Activision,0.27,0.07,0.0,0.01,0.35
5356,The Wild Thornberrys Movie,GBA,2002.0,Platform,THQ,0.25,0.09,0.0,0.01,0.34
5363,Classic NES Series: Ice Climber,GBA,2004.0,Platform,Nintendo,0.1,0.04,0.2,0.01,0.34
5377,The Fairly Odd Parents: Shadow Showdown,GBA,2004.0,Platform,THQ,0.25,0.09,0.0,0.01,0.34
5411,Rayman Legends,XOne,2014.0,Platform,Ubisoft,0.13,0.18,0.0,0.03,0.34
5452,Banjo-Kazooie: Grunty's Revenge,GBA,2003.0,Platform,THQ,0.24,0.09,0.0,0.01,0.33
5475,Klonoa 2: Lunatea's Veil,PS2,2001.0,Platform,Sony Computer Entertainment,0.12,0.1,0.08,0.03,0.33
5485,Tak 2: The Staff of Dreams,GC,2004.0,Platform,THQ,0.26,0.07,0.0,0.01,0.33
5493,Little Deviants,PSV,2011.0,Platform,Sony Computer Entertainment,0.15,0.13,0.0,0.05,0.33
5503,Classic NES Series: Castlevania,GBA,2004.0,Platform,Nintendo,0.17,0.06,0.09,0.01,0.33
5514,Pitfall 3D: Beyond the Jungle,PS,1998.0,Platform,Activision,0.18,0.12,0.0,0.02,0.33
5531,SpongeBob SquarePants: Creature from the Krusty Krab,GC,2006.0,Platform,THQ,0.25,0.07,0.0,0.01,0.33
5536,Spy Kids 3-D: Game Over,GBA,2003.0,Platform,Disney Interactive Studios,0.24,0.09,0.0,0.01,0.33
5544,Despicable Me: The Game,Wii,2010.0,Platform,D3Publisher,0.19,0.12,0.0,0.03,0.33
5606,Ben 10 Ultimate Alien: Cosmic Destruction,DS,2010.0,Platform,D3Publisher,0.22,0.08,0.0,0.03,0.32
5610,The Legend of Spyro: Dawn of the Dragon,X360,2008.0,Platform,Vivendi Games,0.16,0.13,0.0,0.03,0.32
5633,Rayman 2: The Great Escape,PS,2000.0,Platform,Ubisoft,0.18,0.12,0.0,0.02,0.32
5641,Frogger's Adventures: The Rescue,PS2,2003.0,Platform,Konami Digital Entertainment,0.16,0.12,0.0,0.04,0.32
5652,SpongeBob SquarePants: Double Pack,GBA,2005.0,Platform,THQ,0.23,0.08,0.0,0.01,0.32
5663,Mirror's Edge Catalyst,PS4,2016.0,Platform,Electronic Arts,0.1,0.14,0.02,0.06,0.32
5697,Heart of Darkness,PS,1998.0,Platform,Ocean,0.18,0.12,0.0,0.02,0.32
5716,Ganbare Goemon: KiraKira Douchuu - Boku ga Dancer ni Natta Riyuu,SNES,1995.0,Platform,Konami Digital Entertainment,0.0,0.0,0.31,0.0,0.31
5729,Shrek: Forever After,DS,2010.0,Platform,Activision,0.19,0.1,0.0,0.03,0.31
5752,Mega Man Maverick Hunter X,PSP,2005.0,Platform,Capcom,0.27,0.01,0.0,0.03,0.31
5756,Goemon's Great Adventure,N64,1998.0,Platform,Konami Digital Entertainment,0.06,0.02,0.13,0.1,0.31
5777,Madagascar,DS,2005.0,Platform,Activision,0.25,0.04,0.0,0.03,0.31
5801,Ganbare Goemon 2: Kiteretsu Shougun Magginesu,SNES,1993.0,Platform,Konami Digital Entertainment,0.0,0.0,0.31,0.0,0.31
5804,40 Winks,PS,1999.0,Platform,GT Interactive,0.17,0.12,0.0,0.02,0.31
5809,Skylanders SWAP Force,XOne,2013.0,Platform,Activision,0.22,0.06,0.0,0.02,0.31
5816,Disney's The Emperor's New Groove,PS,2000.0,Platform,Sony Computer Entertainment,0.17,0.12,0.0,0.02,0.31
5835,Spyro: Attack of the Rhynocs,GBA,2003.0,Platform,Universal Interactive,0.22,0.08,0.0,0.01,0.3
5844,Jumping Flash!,PS,1995.0,Platform,Sony Computer Entertainment,0.05,0.03,0.21,0.02,0.3
5848,Lizzie McGuire 3: Homecoming Havoc,GBA,2005.0,Platform,Disney Interactive Studios,0.22,0.08,0.0,0.01,0.3
5853,Shrek: Forever After,Wii,2010.0,Platform,Activision,0.19,0.09,0.0,0.03,0.3
5862,Spider-Man 3,PSP,2007.0,Platform,Activision,0.01,0.23,0.0,0.06,0.3
5896,Rayman 2: Revolution,PS2,2000.0,Platform,Ubisoft,0.15,0.11,0.0,0.04,0.3
5934,Mega Man ZX,DS,2006.0,Platform,Capcom,0.18,0.0,0.1,0.02,0.3
5939,Spirit: Stallion of the Cimarron,GBA,2002.0,Platform,THQ,0.21,0.08,0.0,0.01,0.3
5956,Scooby-Doo! Night of 100 Frights,GC,2002.0,Platform,THQ,0.23,0.06,0.0,0.01,0.3
5963,Tom and Jerry Tales,DS,2006.0,Platform,Warner Bros. Interactive Entertainment,0.21,0.06,0.0,0.02,0.29
6001,Ratchet & Clank: Size Matters,PS2,2008.0,Platform,Sony Computer Entertainment,0.13,0.1,0.03,0.03,0.29
6002,Ben 10 Ultimate Alien: Cosmic Destruction,Wii,2010.0,Platform,D3Publisher,0.17,0.1,0.0,0.02,0.29
6018,Mega Man X8,PS2,2004.0,Platform,Capcom,0.14,0.11,0.0,0.04,0.29
6079,Rayman 3: Hoodlum Havoc,PS2,2003.0,Platform,Ubisoft,0.14,0.11,0.0,0.04,0.29
6083,Tomba! 2: The Evil Swine Return,PS,1999.0,Platform,Sony Computer Entertainment,0.16,0.11,0.0,0.02,0.29
6094,Spyro: A Hero's Tail,GC,2004.0,Platform,Vivendi Games,0.22,0.06,0.0,0.01,0.29
6102,Earthworm Jim,GBA,2001.0,Platform,Interplay,0.2,0.08,0.0,0.01,0.29
6121,Tigger's Honey Hunt,PS,2000.0,Platform,Ubisoft,0.16,0.11,0.0,0.02,0.28
6157,Mega Man: Dr. Wily's Revenge,GB,1991.0,Platform,Nintendo,0.0,0.0,0.28,0.0,0.28
6161,Sly Cooper: Thieves in Time,PSV,2013.0,Platform,Sony Computer Entertainment Europe,0.16,0.06,0.0,0.05,0.28
6166,Mega Man II,GB,1991.0,Platform,Nintendo,0.0,0.0,0.28,0.0,0.28
6169,Rocket Power: Beach Bandits,GBA,2002.0,Platform,THQ,0.2,0.07,0.0,0.01,0.28
6178,Mission: Impossible - Operation Surma,PS2,2003.0,Platform,Atari,0.14,0.11,0.0,0.04,0.28
6181,Pitfall: The Mayan Adventure,GBA,2001.0,Platform,Interplay,0.2,0.07,0.0,0.01,0.28
6192,Bionic Commando,X360,2009.0,Platform,Capcom,0.12,0.12,0.01,0.03,0.28
6194,Mega Man 7,SNES,1995.0,Platform,Laguna,0.03,0.01,0.23,0.01,0.28
6214,Over the Hedge,DS,2006.0,Platform,Activision,0.25,0.01,0.0,0.02,0.28
6225,Madagascar,XB,2005.0,Platform,Activision,0.21,0.06,0.0,0.01,0.28
6241,Puppeteer,PS3,2013.0,Platform,Sony Computer Entertainment Europe,0.11,0.1,0.02,0.04,0.28
6252,Castlevania: Aria of Sorrow,GBA,2003.0,Platform,Konami Digital Entertainment,0.2,0.07,0.0,0.0,0.28
6257,Donkey Kong GB: Dinky Kong & Dixie Kong,GB,2000.0,Platform,Nintendo,0.0,0.0,0.28,0.0,0.28
6326,Over the Hedge,GBA,2006.0,Platform,Activision,0.19,0.07,0.0,0.0,0.27
6328,Disney's Chicken Little,GC,2005.0,Platform,Disney Interactive Studios,0.21,0.05,0.0,0.01,0.27
6330,Ty the Tasmanian Tiger,GC,2002.0,Platform,Electronic Arts,0.21,0.05,0.0,0.01,0.27
6450,Rayman DS,DS,2005.0,Platform,Ubisoft,0.21,0.04,0.0,0.02,0.26
6469,Tomba!,PS,1997.0,Platform,Sony Computer Entertainment,0.15,0.1,0.0,0.02,0.26
6492,Hey Arnold! The Movie,GBA,2002.0,Platform,THQ,0.19,0.07,0.0,0.0,0.26
6580,Lemony Snicket's A Series of Unfortunate Events,GC,2004.0,Platform,Activision,0.2,0.05,0.0,0.01,0.26
6582,Bionicle: Matoran Adventures,GBA,2002.0,Platform,Electronic Arts,0.18,0.07,0.0,0.0,0.26
6602,Castlevania: Harmony of Dissonance,GBA,2002.0,Platform,Konami Digital Entertainment,0.16,0.06,0.04,0.0,0.26
6620,Tearaway Unfolded,PS4,2015.0,Platform,Sony Computer Entertainment,0.09,0.12,0.0,0.04,0.25
6629,Ice Age 2: The Meltdown,GBA,2006.0,Platform,Vivendi Games,0.18,0.07,0.0,0.0,0.25
6641,Spy Kids Challenger,GBA,2002.0,Platform,Disney Interactive Studios,0.18,0.07,0.0,0.0,0.25
6668,Billy Hatcher and the Giant Egg,GC,2003.0,Platform,Sega,0.19,0.05,0.0,0.01,0.25
6699,Scooby-Doo! Unmasked,PS2,2005.0,Platform,THQ,0.12,0.1,0.0,0.03,0.25
6725,Ben 10 Ultimate Alien: Cosmic Destruction,PS3,2010.0,Platform,D3Publisher,0.12,0.09,0.0,0.04,0.25
6737,Dood's Big Adventure,Wii,2010.0,Platform,THQ,0.22,0.01,0.0,0.02,0.25
6741,"Ed, Edd n Eddy: The Mis-Edventures",GC,2005.0,Platform,Midway Games,0.19,0.05,0.0,0.01,0.25
6753,Jumping Flash! 2,PS,1996.0,Platform,Sony Computer Entertainment,0.05,0.03,0.15,0.02,0.25
6806,Vexx,PS2,2003.0,Platform,Acclaim Entertainment,0.12,0.09,0.0,0.03,0.24
6816,DK: King of Swing,GBA,2005.0,Platform,Nintendo,0.17,0.06,0.0,0.0,0.24
6828,Skylanders SWAP Force,3DS,2013.0,Platform,Activision,0.1,0.12,0.0,0.02,0.24
6838,Ben 10 Ultimate Alien: Cosmic Destruction,PSP,2010.0,Platform,D3Publisher,0.1,0.09,0.0,0.05,0.24
6880,Lucky Luke,PS,1998.0,Platform,Ocean,0.13,0.09,0.0,0.02,0.24
6888,Densetsu no Stafi 3,GBA,2004.0,Platform,Nintendo,0.0,0.0,0.23,0.01,0.24
6894,The Hobbit,XB,2003.0,Platform,Vivendi Games,0.18,0.05,0.0,0.01,0.24
6902,Chibi-Robo! Zip Lash,3DS,2015.0,Platform,Nintendo,0.09,0.08,0.06,0.02,0.24
6959,Wallace & Gromit in Project Zoo,PS2,2003.0,Platform,BAM! Entertainment,0.11,0.09,0.0,0.03,0.23
6966,The Smurfs 2,DS,2013.0,Platform,Ubisoft,0.0,0.21,0.0,0.02,0.23
7025,Rocket Power: Beach Bandits,GC,2002.0,Platform,THQ,0.18,0.05,0.0,0.01,0.23
7058,Mega Man & Bass,GBA,2002.0,Platform,Capcom,0.16,0.06,0.0,0.0,0.23
7129,Jersey Devil,PS,1997.0,Platform,Ocean,0.13,0.09,0.0,0.01,0.23
7165,Ben 10 Ultimate Alien: Cosmic Destruction,PS2,2010.0,Platform,D3Publisher,0.13,0.06,0.0,0.04,0.22
7168,Cloudy With a Chance of Meatballs,DS,2009.0,Platform,Ubisoft,0.2,0.01,0.0,0.02,0.22
7181,A Boy and His Blob,Wii,2009.0,Platform,Majesco Entertainment,0.19,0.02,0.0,0.02,0.22
7187,Super Adventure Island,SNES,1992.0,Platform,Hudson Soft,0.0,0.0,0.22,0.0,0.22
7189,The Legend of Spyro: The Eternal Night,Wii,2007.0,Platform,Vivendi Games,0.18,0.02,0.0,0.02,0.22
7197,Shinobi,3DS,2011.0,Platform,Sega,0.14,0.07,0.0,0.02,0.22
7200,Mega Man Zero 3,GBA,2004.0,Platform,Capcom,0.16,0.06,0.0,0.0,0.22
7284,Yoshi Touch & Go (JP sales),DS,2005.0,Platform,Nintendo,0.0,0.0,0.22,0.0,0.22
7285,Samurai Jack: The Amulet of Time,GBA,2003.0,Platform,Zoo Digital Publishing,0.16,0.06,0.0,0.0,0.22
7322,Pandemonium!,PS,1996.0,Platform,BMG Interactive Entertainment,0.12,0.08,0.0,0.01,0.21
7358,de Blob 2,PS3,2011.0,Platform,THQ,0.11,0.07,0.0,0.03,0.21
7382,Pac-Man World 3,PS2,2005.0,Platform,Namco Bandai Games,0.1,0.08,0.0,0.03,0.21
7400,Maximo vs Army of Zin,PS2,2003.0,Platform,Capcom,0.1,0.08,0.0,0.03,0.21
7401,The Fairly OddParents: Breakin' Da Rules,GC,2003.0,Platform,THQ,0.16,0.04,0.0,0.01,0.21
7406,The Land Before Time: Big Water Adventure,PS,2002.0,Platform,TDK Mediactive,0.12,0.08,0.0,0.01,0.21
7417,Gex 3: Deep Cover Gecko,N64,1999.0,Platform,Crave Entertainment,0.17,0.04,0.0,0.0,0.21
7429,Famicom Mini: Ganbare Goemon! Karakuri Douchuu,GBA,2004.0,Platform,Konami Digital Entertainment,0.0,0.0,0.2,0.01,0.21
7440,Shrek: Reekin' Havoc,GBA,2003.0,Platform,TDK Mediactive,0.15,0.06,0.0,0.0,0.21
7455,Rayman Legends,PSV,2014.0,Platform,Ubisoft,0.03,0.12,0.0,0.05,0.21
7494,X2: Wolverine's Revenge,XB,2003.0,Platform,Activision,0.15,0.04,0.0,0.01,0.21
7560,Pitfall: The Lost Expedition,PS2,2004.0,Platform,Activision,0.1,0.08,0.0,0.03,0.2
7576,The Fairly Odd Parents: Shadow Showdown,GC,2004.0,Platform,THQ,0.16,0.04,0.0,0.01,0.2
7582,X2: Wolverine's Revenge,GBA,2003.0,Platform,Activision,0.14,0.05,0.0,0.0,0.2
7604,Ty the Tasmanian Tiger 2: Bush Rescue,GC,2004.0,Platform,Electronic Arts,0.15,0.04,0.0,0.01,0.2
7616,Tigger's Honey Hunt,N64,2000.0,Platform,Ubisoft,0.16,0.04,0.0,0.0,0.2
7621,Disney's Tarzan,N64,2000.0,Platform,Activision,0.16,0.04,0.0,0.0,0.2
7675,SpongeBob SquarePants: Revenge of the Flying Dutchman,GC,2002.0,Platform,THQ,0.15,0.04,0.0,0.01,0.2
7706,The Fairly Odd Parents: Enter the Cleft,GBA,2002.0,Platform,THQ,0.14,0.05,0.0,0.0,0.2
7723,Mega Man Legacy Collection,3DS,2016.0,Platform,Capcom,0.13,0.0,0.05,0.02,0.2
7743,The Hobbit,GBA,2003.0,Platform,Vivendi Games,0.14,0.05,0.0,0.0,0.19
7764,Ice Age 2: The Meltdown,GC,2006.0,Platform,Vivendi Games,0.15,0.04,0.0,0.01,0.19
7794,Shrek: Forever After,PS3,2010.0,Platform,Activision,0.16,0.02,0.0,0.02,0.19
7845,Death Jr.,PSP,2005.0,Platform,Konami Digital Entertainment,0.17,0.0,0.0,0.01,0.19
7905,The Legend of Spyro: A New Beginning,GC,2006.0,Platform,Vivendi Games,0.15,0.04,0.0,0.01,0.19
7945,Crash & Spyro Superpack,GBA,2005.0,Platform,Vivendi Games,0.13,0.05,0.0,0.0,0.19
7959,Bubsy 3D,PS,1996.0,Platform,Accolade,0.1,0.07,0.0,0.01,0.19
8020,Ty the Tasmanian Tiger,XB,2002.0,Platform,Electronic Arts,0.14,0.04,0.0,0.01,0.18
8032,de Blob 2,Wii,2011.0,Platform,THQ,0.11,0.06,0.0,0.02,0.18
8053,Klonoa: Door to Phantomile,PS,1997.0,Platform,Sony Computer Entertainment,0.0,0.0,0.17,0.01,0.18
8085,Ben 10 Ultimate Alien: Cosmic Destruction,X360,2010.0,Platform,D3Publisher,0.1,0.06,0.0,0.02,0.18
8107,Shadow The Hedgehog,XB,2005.0,Platform,Sega,0.13,0.04,0.0,0.01,0.18
8151,Disney's Tarzan Untamed,GC,2001.0,Platform,Ubisoft,0.14,0.04,0.0,0.0,0.18
8172,Looney Tunes: Back in Action,GBA,2003.0,Platform,Electronic Arts,0.13,0.05,0.0,0.0,0.18
8184,Pac-Man World 3,DS,2005.0,Platform,Namco Bandai Games,0.16,0.0,0.0,0.01,0.18
8196,Scooby-Doo! Unmasked,GBA,2005.0,Platform,THQ,0.13,0.05,0.0,0.0,0.18
8230,Rugrats: Royal Ransom,GC,2002.0,Platform,THQ,0.13,0.03,0.0,0.0,0.17
8232,Open Season,GC,2006.0,Platform,Ubisoft,0.13,0.03,0.0,0.0,0.17
8262,The Hobbit,GC,2003.0,Platform,Vivendi Games,0.13,0.03,0.0,0.0,0.17
8268,PlayStation Move Heroes,PS3,2011.0,Platform,Sony Computer Entertainment,0.08,0.06,0.0,0.03,0.17
8277,Disney's Atlantis: The Lost Empire,PS,2001.0,Platform,Sony Computer Entertainment,0.1,0.07,0.0,0.01,0.17
8288,Despicable Me: The Game,PSP,2010.0,Platform,D3Publisher,0.05,0.08,0.0,0.04,0.17
8309,Looney Tunes: Back in Action,GC,2003.0,Platform,Warner Bros. Interactive Entertainment,0.13,0.03,0.0,0.0,0.17
8310,Tak: The Great Juju Challenge,GBA,2005.0,Platform,THQ,0.12,0.05,0.0,0.0,0.17
8331,Glover,PS,1999.0,Platform,Atari,0.09,0.06,0.0,0.01,0.17
8385,Shrek Extra Large,GC,2002.0,Platform,TDK Mediactive,0.13,0.03,0.0,0.0,0.17
8403,Mega Man Network Transmission,GC,2003.0,Platform,Capcom,0.13,0.03,0.0,0.0,0.17
8406,Densetsu no Stafi 4,DS,2006.0,Platform,Nintendo,0.0,0.0,0.17,0.0,0.17
8440,Klonoa,Wii,2008.0,Platform,Namco Bandai Games,0.11,0.02,0.03,0.01,0.17
8465,Taz Wanted,PS2,2002.0,Platform,Atari,0.08,0.06,0.0,0.02,0.16
8497,Zapper: One Wicked Cricket!,PS2,2002.0,Platform,Infogrames,0.08,0.06,0.0,0.02,0.16
8540,Dr. Muto,PS2,2002.0,Platform,Midway Games,0.08,0.06,0.0,0.02,0.16
8547,Dewy's Adventure,Wii,2007.0,Platform,Konami Digital Entertainment,0.14,0.0,0.01,0.01,0.16
8557,Flushed Away,GC,2006.0,Platform,D3Publisher,0.12,0.03,0.0,0.0,0.16
8712,Putty Squad,PS4,2013.0,Platform,System 3,0.06,0.07,0.0,0.02,0.16
8728,de Blob 2,X360,2011.0,Platform,THQ,0.1,0.04,0.0,0.01,0.15
8743,Blinx 2: Masters of Time & Space,XB,2004.0,Platform,Microsoft Game Studios,0.12,0.03,0.0,0.01,0.15
8747,Tak: The Great Juju Challenge,GC,2005.0,Platform,THQ,0.12,0.03,0.0,0.0,0.15
8774,Scooby-Doo! Unmasked,GC,2005.0,Platform,THQ,0.12,0.03,0.0,0.0,0.15
8786,Ice Age 2: The Meltdown,DS,2006.0,Platform,Vivendi Games,0.13,0.01,0.0,0.01,0.15
8793,Frogger's Adventures: The Rescue,GC,2003.0,Platform,Konami Digital Entertainment,0.12,0.03,0.0,0.0,0.15
8803,Naruto: Powerful Shippuden,3DS,2012.0,Platform,Namco Bandai Games,0.08,0.02,0.04,0.01,0.15
8826,Super Monkey Ball Adventure,GC,2006.0,Platform,Sega,0.12,0.03,0.0,0.0,0.15
8862,Mirror's Edge Catalyst,XOne,2016.0,Platform,Electronic Arts,0.08,0.05,0.0,0.02,0.15
8864,Doraemon 3: Nobi Dai no Machi SOS!,N64,2000.0,Platform,Epoch,0.0,0.0,0.09,0.06,0.15
8926,Pac-Man World 3,XB,2005.0,Platform,Namco Bandai Games,0.11,0.04,0.0,0.01,0.15
8941,Disney's Donald Duck: Goin' Quackers,PS,2000.0,Platform,Ubisoft,0.08,0.06,0.0,0.01,0.15
8944,Crash: Twinsanity,XB,2004.0,Platform,Vivendi Games,0.11,0.03,0.0,0.01,0.15
8953,Rayman Origins,3DS,2012.0,Platform,Ubisoft,0.06,0.08,0.0,0.01,0.15
8961,Shin Chan: ¡Aventuras de Cine!,DS,2008.0,Platform,505 Games,0.0,0.0,0.15,0.0,0.15
8999,Mega Man Powered Up,PSP,2006.0,Platform,Capcom,0.12,0.01,0.0,0.02,0.14
9007,Where the Wild Things Are,DS,2009.0,Platform,Warner Bros. Interactive Entertainment,0.13,0.0,0.0,0.01,0.14
9017,Rayman 3,GBA,2003.0,Platform,Ubisoft,0.1,0.04,0.0,0.0,0.14
9029,Casper: Spirit Dimensions,PS2,2001.0,Platform,TDK Mediactive,0.07,0.05,0.0,0.02,0.14
9035,Klonoa: Empire of Dreams,GBA,2001.0,Platform,Infogrames,0.1,0.04,0.0,0.0,0.14
9063,Cave Story 3D,3DS,2011.0,Platform,Nippon Ichi Software,0.09,0.03,0.01,0.01,0.14
9112,Zapper: One Wicked Cricket!,GBA,2002.0,Platform,Infogrames,0.1,0.04,0.0,0.0,0.14
9117,Scooby-Doo! Night of 100 Frights,XB,2003.0,Platform,THQ,0.11,0.03,0.0,0.01,0.14
9136,Spyro: A Hero's Tail,XB,2004.0,Platform,Vivendi Games,0.11,0.03,0.0,0.01,0.14
9137,¡Shin Chan Flipa en colores!,DS,2007.0,Platform,505 Games,0.0,0.0,0.14,0.0,0.14
9171,The Bombing Islands,PS,1997.0,Platform,Kemco,0.08,0.05,0.0,0.01,0.14
9188,Tim Burton's The Nightmare Before Christmas: The Pumpkin King,GBA,2005.0,Platform,Disney Interactive Studios,0.1,0.04,0.0,0.0,0.14
9204,Barbie Explorer,PS,2001.0,Platform,Unknown,0.08,0.05,0.0,0.01,0.14
9206,Disney's Chicken Little,XB,2005.0,Platform,Disney Interactive Studios,0.1,0.03,0.0,0.0,0.14
9226,RockMan & Forte,SNES,1998.0,Platform,Capcom,0.0,0.0,0.14,0.0,0.14
9304,Open Season,DS,2006.0,Platform,Ubisoft,0.12,0.0,0.0,0.01,0.14
9341,Castlevania Chronicles,PS,2001.0,Platform,Konami Digital Entertainment,0.07,0.05,0.0,0.01,0.13
9346,Bratz,GBA,2002.0,Platform,Ubisoft,0.1,0.04,0.0,0.0,0.13
9362,Shovel Knight,3DS,2015.0,Platform,Yacht Club Games,0.07,0.04,0.01,0.01,0.13
9369,Tak 2: The Staff of Dreams,XB,2004.0,Platform,THQ,0.1,0.03,0.0,0.0,0.13
9390,Disney's Kim Possible: Kimmunicator,DS,2005.0,Platform,Disney Interactive Studios,0.11,0.01,0.0,0.01,0.13
9402,Over the Hedge: Hammy Goes Nuts!,DS,2006.0,Platform,Activision,0.12,0.0,0.0,0.01,0.13
9428,Frogger Beyond,GC,2002.0,Platform,Konami Digital Entertainment,0.1,0.03,0.0,0.0,0.13
9437,Disney's Winnie the Pooh's Rumbly Tumbly Adventure,GBA,2005.0,Platform,Ubisoft,0.09,0.03,0.0,0.0,0.13
9452,The Smurfs 2,X360,2013.0,Platform,Ubisoft,0.03,0.09,0.0,0.01,0.13
9457,Mission: Impossible - Operation Surma,XB,2003.0,Platform,Atari,0.1,0.03,0.0,0.0,0.13
9466,Mega Man Anniversary Collection,XB,2005.0,Platform,Capcom,0.1,0.03,0.0,0.0,0.13
9483,Castlevania: Legacy of Darkness,N64,1999.0,Platform,Konami Digital Entertainment,0.06,0.02,0.05,0.0,0.13
9494,Secret Agent Clank,PSP,2008.0,Platform,Sony Computer Entertainment,0.04,0.03,0.04,0.02,0.13
9507,Ape Escape 3,PS2,2005.0,Platform,Sony Computer Entertainment,0.06,0.05,0.0,0.02,0.13
9521,Spider-Man: Battle for New York,DS,2006.0,Platform,Activision,0.12,0.0,0.0,0.01,0.13
9530,Walt Disney Pictures Presents: The Wild,GBA,2006.0,Platform,Disney Interactive Studios,0.09,0.03,0.0,0.0,0.13
9550,Ty the Tasmanian Tiger 2: Bush Rescue,GBA,2004.0,Platform,Electronic Arts,0.09,0.03,0.0,0.0,0.13
9568,Portal Runner,PS2,2001.0,Platform,3DO,0.06,0.05,0.0,0.02,0.13
9573,Disney's Winnie the Pooh's Rumbly Tumbly Adventure,PS2,2005.0,Platform,Ubisoft,0.06,0.05,0.0,0.02,0.13
9581,Zapper: One Wicked Cricket!,GC,2002.0,Platform,Infogrames,0.1,0.03,0.0,0.0,0.13
9615,Impossible Mission,DS,2007.0,Platform,System 3 Arcade Software,0.12,0.0,0.0,0.01,0.13
9618,Garfield's Fun Fest,DS,2008.0,Platform,Zoo Digital Publishing,0.07,0.04,0.0,0.01,0.13
9621,SkullMonkeys,PS,1998.0,Platform,DreamWorks Interactive,0.07,0.05,0.0,0.01,0.13
9622,Cloudy With a Chance of Meatballs,Wii,2009.0,Platform,Ubisoft,0.11,0.0,0.0,0.01,0.13
9661,Sonic Jam,SAT,1997.0,Platform,Sega,0.0,0.0,0.12,0.0,0.12
9667,Disney's Atlantis: The Lost Empire,GBA,2001.0,Platform,THQ,0.09,0.03,0.0,0.0,0.12
9670,Where the Wild Things Are,Wii,2009.0,Platform,Warner Bros. Interactive Entertainment,0.11,0.0,0.0,0.01,0.12
9708,Disney's PK: Out of the Shadows,PS2,2002.0,Platform,Ubisoft,0.06,0.05,0.0,0.02,0.12
9730,Lemony Snicket's A Series of Unfortunate Events,XB,2004.0,Platform,Activision,0.09,0.03,0.0,0.0,0.12
9733,The Ant Bully,GC,2006.0,Platform,Midway Games,0.09,0.02,0.0,0.0,0.12
9760,Voodoo Vince,XB,2003.0,Platform,Microsoft Game Studios,0.09,0.03,0.0,0.0,0.12
9773,Crush3D,3DS,2012.0,Platform,Sega,0.07,0.04,0.0,0.01,0.12
9800,Looney Tunes: Sheep Raider,PS,2001.0,Platform,Infogrames,0.07,0.05,0.0,0.01,0.12
9804,Lost in Shadow,Wii,2010.0,Platform,Konami Digital Entertainment,0.1,0.0,0.01,0.01,0.12
9806,X2: Wolverine's Revenge,GC,2003.0,Platform,Activision,0.09,0.02,0.0,0.0,0.12
9819,Earthworm Jim 3D,N64,1999.0,Platform,Interplay,0.1,0.02,0.0,0.0,0.12
9820,Rocket: Robot on Wheels,N64,1999.0,Platform,Ubisoft,0.1,0.02,0.0,0.0,0.12
9828,Dora the Explorer: Dora Saves the Mermaids,PS2,2008.0,Platform,Take-Two Interactive,0.06,0.05,0.0,0.02,0.12
9844,Sonic Adventure 2,DC,2001.0,Platform,Sega,0.0,0.0,0.12,0.0,0.12
9849,Space Chimps,PS2,2008.0,Platform,Brash Entertainment,0.06,0.05,0.0,0.02,0.12
9874,"Ed, Edd n Eddy: The Mis-Edventures",GBA,2005.0,Platform,Midway Games,0.08,0.03,0.0,0.0,0.12
9878,Akuji the Heartless,PS,1998.0,Platform,Eidos Interactive,0.07,0.04,0.0,0.01,0.12
9883,Psychonauts,XB,2005.0,Platform,THQ,0.09,0.03,0.0,0.0,0.12
9967,de Blob 2,DS,2011.0,Platform,THQ,0.09,0.02,0.0,0.01,0.12
10015,Pac 'n Roll,DS,2005.0,Platform,Namco Bandai Games,0.09,0.0,0.02,0.01,0.11
10115,Open Season,X360,2006.0,Platform,Ubisoft,0.1,0.0,0.0,0.01,0.11
10138,Where the Wild Things Are,X360,2009.0,Platform,Warner Bros. Interactive Entertainment,0.1,0.0,0.0,0.01,0.11
10149,Disney's Peter Pan: Return to Never Land,GBA,2002.0,Platform,Ubisoft,0.08,0.03,0.0,0.0,0.11
10150,The Fairly Odd Parents: Breakin Da Rules,XB,2003.0,Platform,THQ,0.08,0.02,0.0,0.0,0.11
10165,Space Chimps,X360,2008.0,Platform,Brash Entertainment,0.1,0.0,0.0,0.01,0.11
10177,The Smurfs 2,PS3,2013.0,Platform,Ubisoft,0.02,0.07,0.0,0.02,0.11
10189,HOP,DS,2011.0,Platform,505 Games,0.09,0.01,0.0,0.01,0.11
10219,Tonic Trouble,N64,1999.0,Platform,Ubisoft,0.09,0.02,0.0,0.0,0.11
10221,Chameleon Twist,N64,1997.0,Platform,Sunsoft,0.09,0.02,0.0,0.0,0.11
10243,Frogger: Helmet Chaos,PSP,2005.0,Platform,Konami Digital Entertainment,0.1,0.0,0.0,0.01,0.11
10265,Death Jr.: Root of Evil,Wii,2008.0,Platform,Eidos Interactive,0.1,0.0,0.0,0.01,0.11
10268,Sonic Generations,PC,2011.0,Platform,Sega,0.02,0.07,0.0,0.02,0.11
10280,Where the Wild Things Are,PS3,2009.0,Platform,Warner Bros. Interactive Entertainment,0.09,0.01,0.0,0.01,0.11
10284,Ty the Tasmanian Tiger 2: Bush Rescue,XB,2004.0,Platform,Electronic Arts,0.08,0.02,0.0,0.0,0.11
10295,Lady Sia,GBA,2001.0,Platform,TDK Mediactive,0.08,0.03,0.0,0.0,0.11
10350,Mega Man Zero 4,GBA,2005.0,Platform,Capcom,0.08,0.03,0.0,0.0,0.11
10400,Shovel Knight,WiiU,2015.0,Platform,Yacht Club Games,0.06,0.04,0.0,0.01,0.11
10421,Squinkies 2: Adventure Mall Surprize!,DS,2011.0,Platform,Activision,0.1,0.0,0.0,0.01,0.1
10429,Cloudy With a Chance of Meatballs,PS3,2009.0,Platform,Ubisoft,0.09,0.01,0.0,0.01,0.1
10441,Vexx,XB,2003.0,Platform,Acclaim Entertainment,0.08,0.02,0.0,0.0,0.1
10448,The Smurfs 2,Wii,2013.0,Platform,Ubisoft,0.0,0.09,0.0,0.01,0.1
10457,Frogger: Ancient Shadow,PS2,2005.0,Platform,Konami Digital Entertainment,0.05,0.04,0.0,0.01,0.1
10462,Despicable Me: The Game,PS2,2010.0,Platform,D3Publisher,0.05,0.04,0.0,0.01,0.1
10495,Shrek: Forever After,X360,2010.0,Platform,Activision,0.09,0.0,0.0,0.01,0.1
10563,Flushed Away,DS,2006.0,Platform,D3Publisher,0.09,0.0,0.0,0.01,0.1
10575,The Ant Bully,PS2,2006.0,Platform,Midway Games,0.05,0.04,0.0,0.01,0.1
10587,Disney's The Haunted Mansion,GC,2003.0,Platform,Take-Two Interactive,0.08,0.02,0.0,0.0,0.1
10619,Codename: Kids Next Door: Operation V.I.D.E.O.G.A.M.E.,PS2,2005.0,Platform,Global Star,0.05,0.04,0.0,0.01,0.1
10633,Disney's Donald Duck: Goin' Quackers,N64,2000.0,Platform,Ubisoft,0.08,0.02,0.0,0.0,0.1
10647,Disney's The Jungle Book,GBA,2002.0,Platform,Ubisoft,0.07,0.03,0.0,0.0,0.1
10671,Over the Hedge,XB,2006.0,Platform,Activision,0.07,0.02,0.0,0.0,0.1
10709,Piglet's Big Game,PS2,2003.0,Platform,Gotham Games,0.05,0.04,0.0,0.01,0.1
10730,Cubic Ninja,3DS,2011.0,Platform,Ubisoft,0.05,0.04,0.0,0.01,0.1
10749,Famicom Mini: Mappy,GBA,2004.0,Platform,Nintendo,0.0,0.0,0.09,0.0,0.1
10767,Ice Age 2: The Meltdown,XB,2006.0,Platform,Vivendi Games,0.07,0.02,0.0,0.0,0.1
10790,Castlevania Double Pack,GBA,2006.0,Platform,Konami Digital Entertainment,0.07,0.03,0.0,0.0,0.1
10842,Pac-Man World 3,GC,2005.0,Platform,Namco Bandai Games,0.07,0.02,0.0,0.0,0.09
10865,PAC-MAN and the Ghostly Adventures,3DS,2013.0,Platform,Namco Bandai Games,0.05,0.04,0.0,0.01,0.09
10875,Scaler,PS2,2004.0,Platform,Take-Two Interactive,0.05,0.04,0.0,0.01,0.09
10887,Psychonauts,PS2,2005.0,Platform,Majesco Entertainment,0.05,0.04,0.0,0.01,0.09
10896,Galactic Taz Ball,DS,2010.0,Platform,Warner Bros. Interactive Entertainment,0.09,0.0,0.0,0.01,0.09
10901,Scooby-Doo! Unmasked,DS,2005.0,Platform,THQ,0.07,0.02,0.0,0.01,0.09
10904,"Prinny 2: Dawn of Operation Panties, Dood!",PSP,2010.0,Platform,Nippon Ichi Software,0.05,0.0,0.03,0.01,0.09
10931,The Revenge of Shinobi,GBA,2002.0,Platform,Atari,0.07,0.02,0.0,0.0,0.09
10939,I-Ninja,GC,2003.0,Platform,Namco Bandai Games,0.07,0.02,0.0,0.0,0.09
10944,Dragon Tales: Dragon Seek,PS,2000.0,Platform,Ubisoft,0.05,0.03,0.0,0.01,0.09
10948,Tak: The Great Juju Challenge,DS,2005.0,Platform,THQ,0.09,0.0,0.0,0.01,0.09
10989,Disney's The Haunted Mansion,XB,2003.0,Platform,Take-Two Interactive,0.07,0.02,0.0,0.0,0.09
11015,Space Chimps,Wii,2008.0,Platform,Brash Entertainment,0.08,0.0,0.0,0.01,0.09
11024,Doraemon: Nobita to Midori no Kyojinden DS,DS,2008.0,Platform,Sega,0.0,0.0,0.09,0.0,0.09
11046,Ratchet & Clank Future: Quest for Booty,PS3,2008.0,Platform,Sony Computer Entertainment,0.01,0.06,0.0,0.02,0.09
11049,Castlevania Dracula X,SNES,1995.0,Platform,Konami Digital Entertainment,0.03,0.01,0.05,0.0,0.09
11057,2-in-1 Game Pack: Spider-Man & Spider-Man 2,GBA,2005.0,Platform,Activision,0.06,0.02,0.0,0.0,0.09
11089,Clockwork Knight,SAT,1994.0,Platform,Sega,0.0,0.0,0.09,0.0,0.09
11092,Prinny: Can I Really Be the Hero?,PSP,2008.0,Platform,Tecmo Koei,0.02,0.01,0.05,0.01,0.09
11132,El Tigre: The Adventures of Manny Rivera,DS,2007.0,Platform,THQ,0.08,0.0,0.0,0.01,0.09
11146,The Ant Bully,Wii,2006.0,Platform,Midway Games,0.08,0.0,0.0,0.01,0.09
11152,The Smurfs 2,WiiU,2013.0,Platform,Ubisoft,0.04,0.04,0.0,0.01,0.09
11173,SpongeBob: HeroPants,X360,2015.0,Platform,Activision,0.08,0.0,0.0,0.01,0.09
11184,Jimmy Neutron: Boy Genius,GC,2002.0,Platform,THQ,0.07,0.02,0.0,0.0,0.09
11188,PAC-MAN and the Ghostly Adventures,PS3,2013.0,Platform,Namco Bandai Games,0.03,0.04,0.0,0.01,0.09
11213,Famicom Mini: Makaimura,GBA,2004.0,Platform,Capcom,0.0,0.0,0.08,0.0,0.09
11223,Cloudy With a Chance of Meatballs,X360,2009.0,Platform,Ubisoft,0.07,0.01,0.0,0.01,0.09
11284,Famicom Mini: Mario Bros.,GBA,2004.0,Platform,Nintendo,0.0,0.0,0.08,0.0,0.08
11306,PAC-MAN and the Ghostly Adventures,X360,2013.0,Platform,Namco Bandai Games,0.04,0.03,0.0,0.01,0.08
11326,Disney's Donald Duck: Goin' Quackers,PS2,2000.0,Platform,Ubisoft,0.04,0.03,0.0,0.01,0.08
11366,Strider 2,PS,2000.0,Platform,Virgin Interactive,0.05,0.03,0.0,0.01,0.08
11373,Death Jr. and the Science Fair of Doom,DS,2007.0,Platform,Konami Digital Entertainment,0.08,0.0,0.0,0.01,0.08
11375,Super Monkey Ball Adventure,PSP,2006.0,Platform,Sega,0.05,0.02,0.0,0.01,0.08
11380,Iron Man / X-O Manowar in Heavy Metal,PS,1996.0,Platform,Acclaim Entertainment,0.05,0.03,0.0,0.01,0.08
11402,Pinobee: Wings of Adventure,GBA,2001.0,Platform,Hudson Entertainment,0.06,0.02,0.0,0.0,0.08
11412,Ice Age 2: The Meltdown,Wii,2006.0,Platform,Vivendi Games,0.06,0.01,0.0,0.01,0.08
11417,Cloudy With a Chance of Meatballs,PSP,2009.0,Platform,Ubisoft,0.07,0.0,0.0,0.01,0.08
11419,Ultimate Ghosts 'n Goblins,PSP,2006.0,Platform,Capcom,0.07,0.01,0.0,0.01,0.08
11553,Johnny Test,DS,2011.0,Platform,505 Games,0.07,0.0,0.0,0.01,0.08
11567,Taz Wanted,GC,2002.0,Platform,Atari,0.06,0.02,0.0,0.0,0.08
11605,Rayman Origins,PC,2012.0,Platform,Ubisoft,0.0,0.06,0.0,0.01,0.08
11626,Skeleton Warriors,PS,1996.0,Platform,Virgin Interactive,0.04,0.03,0.0,0.01,0.08
11657,Frogger Beyond,XB,2002.0,Platform,Konami Digital Entertainment,0.06,0.02,0.0,0.0,0.08
11660,Stuart Little 3: Big Photo Adventure,PS2,2005.0,Platform,Sony Computer Entertainment,0.04,0.03,0.0,0.01,0.08
11665,Pitfall: The Lost Expedition,GC,2004.0,Platform,Activision,0.06,0.02,0.0,0.0,0.08
11674,Pac-Man World 3,PSP,2005.0,Platform,Namco Bandai Games,0.07,0.0,0.0,0.01,0.08
11685,Open Season,PSP,2006.0,Platform,Ubisoft,0.07,0.0,0.0,0.01,0.08
11710,Codename: Kids Next Door: Operation S.O.D.A.,GBA,2004.0,Platform,Global Star,0.05,0.02,0.0,0.0,0.08
11723,Scooby-Doo! Unmasked,XB,2005.0,Platform,THQ,0.06,0.02,0.0,0.0,0.08
11724,Shovel Knight,PS4,2015.0,Platform,Yacht Club Games,0.03,0.03,0.0,0.01,0.08
11744,Mega Man Legacy Collection,PS4,2016.0,Platform,Capcom,0.06,0.0,0.0,0.01,0.07
11758,Futurama,PS2,2003.0,Platform,SCi,0.04,0.03,0.0,0.01,0.07
11761,Famicom Mini: Hikari Shinwa: Palutena no Kagami,GBA,2004.0,Platform,Nintendo,0.0,0.0,0.07,0.0,0.07
11762,Rayman 3: Hoodlum Havoc,XB,2003.0,Platform,Ubisoft,0.06,0.02,0.0,0.0,0.07
11769,Super Ghouls 'n Ghosts,GBA,2002.0,Platform,Capcom,0.05,0.02,0.0,0.0,0.07
11801,Mega Man Xtreme,GB,2000.0,Platform,Capcom,0.0,0.0,0.07,0.0,0.07
11818,Mega Man Xtreme 2,GB,2001.0,Platform,Capcom,0.0,0.0,0.07,0.0,0.07
11819,I-Ninja,XB,2003.0,Platform,Namco Bandai Games,0.05,0.02,0.0,0.0,0.07
11842,Spot Goes to Hollywood,PS,1996.0,Platform,Virgin Interactive,0.04,0.03,0.0,0.0,0.07
11866,Tak: The Great Juju Challenge,XB,2005.0,Platform,THQ,0.05,0.02,0.0,0.0,0.07
11878,Disney's Donald Duck Advance,GBA,2001.0,Platform,Ubisoft,0.05,0.02,0.0,0.0,0.07
11905,Pitfall: The Lost Expedition,GBA,2003.0,Platform,Activision,0.05,0.02,0.0,0.0,0.07
11932,"Horrid Henry: The Good, The Bad and The Bugly",3DS,2011.0,Platform,Asylum Entertainment,0.0,0.06,0.0,0.01,0.07
11956,Open Season,Wii,2006.0,Platform,Ubisoft,0.06,0.0,0.0,0.01,0.07
11964,Shin Chan Contra ¡Los Plastas!,DS,2009.0,Platform,505 Games,0.0,0.0,0.07,0.0,0.07
11975,Taz Wanted,XB,2002.0,Platform,Atari,0.05,0.02,0.0,0.0,0.07
11981,Wallace & Gromit in Project Zoo,GC,2003.0,Platform,BAM! Entertainment,0.05,0.01,0.0,0.0,0.07
12002,Rayman 3: Hoodlum Havoc,GC,2003.0,Platform,Ubisoft,0.05,0.01,0.0,0.0,0.07
12011,Anubis II,Wii,2007.0,Platform,Metro 3D,0.06,0.0,0.0,0.0,0.07
12032,Disney's Winnie the Pooh's Rumbly Tumbly Adventure,GC,2005.0,Platform,Ubisoft,0.05,0.01,0.0,0.0,0.07
12052,Pitfall: The Lost Expedition,XB,2004.0,Platform,Activision,0.05,0.01,0.0,0.0,0.07
12120,N+,DS,2007.0,Platform,Atari,0.06,0.0,0.0,0.0,0.07
12142,The Tale of Despereaux,DS,2008.0,Platform,Brash Entertainment,0.06,0.0,0.0,0.0,0.07
12194,Sly 2: Band of Thieves,PS3,2010.0,Platform,Sony Computer Entertainment,0.0,0.05,0.0,0.02,0.07
12203,Monster Tale,DS,2011.0,Platform,Majesco Entertainment,0.06,0.0,0.0,0.0,0.07
12204,Tokobot,PSP,2005.0,Platform,Take-Two Interactive,0.06,0.0,0.0,0.01,0.07
12212,Pandemonium 2,PS,1997.0,Platform,BMG Interactive Entertainment,0.04,0.02,0.0,0.0,0.07
12244,Walt Disney Pictures Presents Enchanted,DS,2007.0,Platform,Disney Interactive Studios,0.04,0.01,0.0,0.01,0.07
12287,Frogger: Helmet Chaos,DS,2005.0,Platform,Konami Digital Entertainment,0.06,0.0,0.0,0.0,0.06
12300,Max & the Magic Marker,DS,2011.0,Platform,Unknown,0.0,0.06,0.0,0.0,0.06
12316,Rayman: Hoodlum's Revenge,GBA,2005.0,Platform,Ubisoft,0.05,0.02,0.0,0.0,0.06
12383,LEGO Bionicle,GBA,2001.0,Platform,LEGO Media,0.04,0.02,0.0,0.0,0.06
12456,Disney's Kim Possible: Global Gemini,DS,2007.0,Platform,Disney Interactive Studios,0.05,0.01,0.0,0.0,0.06
12474,Vexx,GC,2003.0,Platform,Acclaim Entertainment,0.05,0.01,0.0,0.0,0.06
12551,Impossible Mission,PSP,2007.0,Platform,System 3 Arcade Software,0.0,0.04,0.0,0.02,0.06
12569,Oddworld: Munch's Oddysee,GBA,2003.0,Platform,THQ,0.04,0.02,0.0,0.0,0.06
12632,Gem Smashers,Wii,2011.0,Platform,Crave Entertainment,0.05,0.0,0.0,0.0,0.06
12654,Pop'n TwinBee: Rainbow Bell Adventure,SNES,1993.0,Platform,Konami Digital Entertainment,0.0,0.0,0.06,0.0,0.06
12675,Pucca Power Up,DS,2011.0,Platform,Rising Star Games,0.04,0.02,0.0,0.0,0.06
12696,Burning Rangers,SAT,1998.0,Platform,Sega,0.0,0.0,0.06,0.0,0.06
12705,Mirror's Edge,PC,2009.0,Platform,Electronic Arts,0.0,0.05,0.0,0.01,0.06
12750,Dr. Muto,XB,2002.0,Platform,Midway Games,0.04,0.01,0.0,0.0,0.06
12762,Doraemon 4: Nobita to Toki no Okoku,SNES,1995.0,Platform,Epoch,0.0,0.0,0.06,0.0,0.06
12799,Space Chimps,DS,2008.0,Platform,Brash Entertainment,0.05,0.0,0.0,0.0,0.06
12805,Mega Man 8 Anniversary Collector's Edition,SAT,1997.0,Platform,Capcom,0.0,0.0,0.06,0.0,0.06
12820,Death Jr. II: Root of Evil,PSP,2006.0,Platform,Konami Digital Entertainment,0.05,0.0,0.0,0.0,0.06
12898,Shaman King: Soul Fight,GC,2003.0,Platform,Namco Bandai Games,0.0,0.0,0.05,0.0,0.05
12904,Zapper: One Wicked Cricket!,XB,2002.0,Platform,Infogrames,0.04,0.01,0.0,0.0,0.05
12908,Sitting Ducks,PS2,2003.0,Platform,LSP Games,0.03,0.02,0.0,0.01,0.05
12939,Judge Dredd,PS,1997.0,Platform,Gremlin Interactive Ltd,0.03,0.02,0.0,0.0,0.05
12947,Dynamite Headdy,GEN,1993.0,Platform,Sega,0.0,0.0,0.05,0.0,0.05
12952,Dragon's Lair 3D: Return to the Lair,XB,2002.0,Platform,Ubisoft,0.04,0.01,0.0,0.0,0.05
12974,Disney's PK: Out of the Shadows,GC,2002.0,Platform,Ubisoft,0.04,0.01,0.0,0.0,0.05
12988,Piglet's Big Game,GC,2003.0,Platform,Gotham Games,0.04,0.01,0.0,0.0,0.05
12999,Piglet's Big Game,GBA,2003.0,Platform,THQ,0.04,0.01,0.0,0.0,0.05
13019,SpongeBob: HeroPants,PSV,2015.0,Platform,Activision,0.03,0.01,0.0,0.01,0.05
13073,Over the Hedge: Hammy Goes Nuts!,PSP,2006.0,Platform,Activision,0.05,0.0,0.0,0.0,0.05
13102,Mirror's Edge Catalyst,PC,2016.0,Platform,Electronic Arts,0.01,0.03,0.0,0.01,0.05
13108,PAC-MAN and the Ghostly Adventures,WiiU,2013.0,Platform,Namco Bandai Games,0.04,0.01,0.0,0.0,0.05
13112,Blues Brothers 2000,N64,2000.0,Platform,Virgin Interactive,0.04,0.01,0.0,0.0,0.05
13118,Chameleon Twist 2,N64,1998.0,Platform,Infogrames,0.04,0.01,0.0,0.0,0.05
13138,George of the Jungle and the Search for the Secret,DS,2008.0,Platform,Ignition Entertainment,0.05,0.0,0.0,0.0,0.05
13152,Codename: Kids Next Door: Operation V.I.D.E.O.G.A.M.E.,GC,2005.0,Platform,Global Star,0.04,0.01,0.0,0.0,0.05
13155,Assassin's Creed: Altair's Chronicles,DS,2008.0,Platform,Ubisoft,0.03,0.01,0.0,0.0,0.05
13168,Stretch Panic,PS2,2001.0,Platform,Midas Interactive Entertainment,0.02,0.02,0.0,0.01,0.05
13182,Woody Woodpecker: Escape from Buzz Buzzard Park,PS2,2001.0,Platform,DreamCatcher Interactive,0.02,0.02,0.0,0.01,0.05
13224,Johnny Bazookatone,PS,1995.0,Platform,U.S. Gold,0.03,0.02,0.0,0.0,0.05
13233,Nicktoons: Attack of the Toybots,DS,2007.0,Platform,THQ,0.04,0.0,0.0,0.0,0.05
13248,Putty Squad,PSV,2013.0,Platform,System 3,0.02,0.02,0.0,0.01,0.05
13253,Silhouette Mirage,PS,1998.0,Platform,ESP,0.03,0.02,0.0,0.0,0.05
13263,Ultimate Ghosts 'n Goblins (JP sales),PSP,2006.0,Platform,Capcom,0.0,0.0,0.05,0.0,0.05
13321,Frogger: Ancient Shadow,GC,2005.0,Platform,Konami Digital Entertainment,0.04,0.01,0.0,0.0,0.05
13383,Crazy Chicken: Atlantis Quest,DS,2007.0,Platform,Phenomedia,0.04,0.0,0.0,0.0,0.05
13394,The Berenstain Bears and the Spooky Old Tree,GBA,2005.0,Platform,Namco Bandai Games,0.03,0.01,0.0,0.0,0.05
13433,Futurama,XB,2003.0,Platform,SCi,0.03,0.01,0.0,0.0,0.05
13437,Mighty No. 9,PS4,2016.0,Platform,Deep Silver,0.04,0.0,0.0,0.01,0.05
13439,Ape Escape,PS3,2010.0,Platform,Sony Computer Entertainment,0.0,0.03,0.0,0.01,0.05
13469,The Tale of Despereaux,Wii,2008.0,Platform,Brash Entertainment,0.04,0.0,0.0,0.0,0.04
13478,Disney's Donald Duck: Goin' Quackers,GC,2002.0,Platform,Ubisoft,0.03,0.01,0.0,0.0,0.04
13527,Sonic the Hedgehog 2 (8-bit),GG,1992.0,Platform,Sega,0.0,0.0,0.04,0.0,0.04
13532,Justice League: Chronicles,GBA,2003.0,Platform,Midway Games,0.03,0.01,0.0,0.0,0.04
13538,Gem Smashers,3DS,2011.0,Platform,Crave Entertainment,0.04,0.0,0.0,0.0,0.04
13547,Go Go Ackman 3,SNES,1995.0,Platform,Banpresto,0.0,0.0,0.04,0.0,0.04
13567,Mechanic Escape,PS3,2012.0,Platform,D3Publisher,0.0,0.0,0.04,0.0,0.04
13576,The Kore Gang,Wii,2010.0,Platform,Flashpoint Games,0.04,0.0,0.0,0.0,0.04
13587,Max & the Magic Marker,Wii,2011.0,Platform,Unknown,0.0,0.04,0.0,0.0,0.04
13610,Scaler,XB,2004.0,Platform,Global Star,0.03,0.01,0.0,0.0,0.04
13636,Myth Makers: Trixie in Toyland,Wii,2008.0,Platform,Popcorn Arcade,0.04,0.0,0.0,0.0,0.04
13744,Looney Tunes Duck Dodgers Starring: Daffy Duck,N64,2000.0,Platform,Infogrames,0.03,0.01,0.0,0.0,0.04
13745,Superman: Countdown to Apokolips,GBA,2003.0,Platform,Atari,0.03,0.01,0.0,0.0,0.04
13749,Dragon's Lair 3D: Return to the Lair,GC,2002.0,Platform,THQ,0.03,0.01,0.0,0.0,0.04
13785,Mission: Impossible - Operation Surma,GBA,2003.0,Platform,Atari,0.03,0.01,0.0,0.0,0.04
13898,E.T. The Extra-Terrestrial: Interplanetary Mission,PS,2001.0,Platform,Ubisoft,0.02,0.01,0.0,0.0,0.04
13971,Garfield: The Search for Pooky,GBA,2003.0,Platform,Game Factory,0.03,0.01,0.0,0.0,0.04
13982,Trine 2,PC,2011.0,Platform,Focus Home Interactive,0.0,0.03,0.0,0.01,0.04
13986,Scaler,GC,2004.0,Platform,Take-Two Interactive,0.03,0.01,0.0,0.0,0.04
14068,The Ant Bully,GBA,2006.0,Platform,Midway Games,0.03,0.01,0.0,0.0,0.04
14095,Castlevania Bloodlines,GEN,1994.0,Platform,Konami Digital Entertainment,0.0,0.0,0.04,0.0,0.04
14152,SpongeBob: HeroPants,3DS,2015.0,Platform,Activision,0.03,0.0,0.0,0.0,0.03
14203,An American Tail: Fievel's Gold Rush,GBA,2002.0,Platform,Conspiracy Entertainment,0.02,0.01,0.0,0.0,0.03
14227,James Pond: Codename Robocod,GBA,2005.0,Platform,Play It,0.02,0.01,0.0,0.0,0.03
14228,Yumi's Odd Odyssey,3DS,2013.0,Platform,Agatsuma Entertainment,0.0,0.0,0.03,0.0,0.03
14259,Earthworm Jim 2,GBA,2002.0,Platform,Vivendi Games,0.02,0.01,0.0,0.0,0.03
14260,Garfield: A Tale of Two Kitties,DS,2006.0,Platform,Game Factory,0.03,0.0,0.0,0.0,0.03
14308,Saru! Get You! SaruSaru Daisakusen,PSP,2007.0,Platform,Sony Computer Entertainment,0.0,0.0,0.03,0.0,0.03
14309,Sonic Boom: Fire & Ice,3DS,2016.0,Platform,Sega,0.03,0.0,0.0,0.0,0.03
14310,The Flintstones: Big Trouble in Bedrock,GBA,2001.0,Platform,Swing! Entertainment,0.02,0.01,0.0,0.0,0.03
14326,Tork: Prehistoric Punk,XB,2005.0,Platform,Microsoft Game Studios,0.02,0.01,0.0,0.0,0.03
14357,Totally Spies!,GBA,2005.0,Platform,Atari,0.02,0.01,0.0,0.0,0.03
14374,Super Meat Boy: Ultra Edition!,PC,2011.0,Platform,Unknown,0.0,0.02,0.0,0.01,0.03
14375,Sitting Ducks,GBA,2003.0,Platform,LSP Games,0.02,0.01,0.0,0.0,0.03
14391,Rayman 3: Hoodlum Havoc,PC,2003.0,Platform,Ubisoft,0.0,0.03,0.0,0.01,0.03
14396,Dr. Muto,GC,2002.0,Platform,Midway Games,0.02,0.01,0.0,0.0,0.03
14397,Airship Q,PSV,2015.0,Platform,Cygames,0.0,0.0,0.03,0.0,0.03
14479,Klonoa 2: Dream Champ Tournament,GBA,2002.0,Platform,Namco Bandai Games,0.02,0.01,0.0,0.0,0.03
14480,Shantae and the Pirate's Curse,3DS,2015.0,Platform,Intergrow,0.0,0.0,0.03,0.0,0.03
14495,Starshot: Space Circus Fever,N64,1998.0,Platform,Infogrames,0.02,0.01,0.0,0.0,0.03
14500,N+,PSP,2007.0,Platform,Atari,0.03,0.0,0.0,0.0,0.03
14529,Braid,PC,2009.0,Platform,Number None,0.0,0.02,0.0,0.01,0.03
14545,Disney's Aladdin,GBA,2003.0,Platform,Capcom,0.02,0.01,0.0,0.0,0.03
14555,Popeye: Rush for Spinach,GBA,2005.0,Platform,Atari,0.02,0.01,0.0,0.0,0.03
14593,Wallace & Gromit in Project Zoo,XB,2003.0,Platform,BAM! Entertainment,0.02,0.01,0.0,0.0,0.03
14646,Trine 2,WiiU,2012.0,Platform,Atlus,0.0,0.03,0.0,0.0,0.03
14686,Animaniacs: The Great Edgar Hunt,GC,2005.0,Platform,Ignition Entertainment,0.02,0.01,0.0,0.0,0.03
14740,Frogger: Ancient Shadow,XB,2005.0,Platform,Konami Digital Entertainment,0.02,0.01,0.0,0.0,0.03
14756,CID The Dummy,PSP,2009.0,Platform,Oxygen Interactive,0.02,0.0,0.0,0.0,0.03
14782,The Adventures of Lomax,PS,1996.0,Platform,Psygnosis,0.01,0.01,0.0,0.0,0.03
14790,Hermie Hopperhead: Scrap Panic,PS,1995.0,Platform,Sony Computer Entertainment,0.0,0.0,0.02,0.0,0.03
14811,Super Monkey Ball Adventure,PS2,2006.0,Platform,Sega,0.01,0.01,0.0,0.0,0.03
14815,CID The Dummy,Wii,2009.0,Platform,Oxygen Interactive,0.02,0.0,0.0,0.0,0.03
14863,Marker Man Adventures,DS,2009.0,Platform,Majesco Entertainment,0.02,0.0,0.0,0.0,0.03
14866,Open Season,PS2,2006.0,Platform,Ubisoft,0.01,0.01,0.0,0.0,0.03
14904,Rock 'N' Roll Adventures,Wii,2007.0,Platform,Popcorn Arcade,0.02,0.0,0.0,0.0,0.03
14978,"Ed, Edd n Eddy: The Mis-Edventures",XB,2005.0,Platform,Midway Games,0.02,0.01,0.0,0.0,0.02
15011,George of the Jungle and the Search for the Secret,Wii,2008.0,Platform,Ignition Entertainment,0.02,0.0,0.0,0.0,0.02
15014,Peter Pan in Disney's Return to Never Land,PS,2002.0,Platform,Sony Computer Entertainment,0.01,0.01,0.0,0.0,0.02
15066,Blender Bros.,GBA,2002.0,Platform,Unknown,0.02,0.01,0.0,0.0,0.02
15250,Kao Challengers,PSP,2005.0,Platform,Atari,0.02,0.0,0.0,0.0,0.02
15266,Dragon's Lair,DS,2010.0,Platform,Destineer,0.02,0.0,0.0,0.0,0.02
15298,Casper: Spirit Dimensions,GC,2002.0,Platform,TDK Mediactive,0.02,0.0,0.0,0.0,0.02
15305,Spider-Man 3,PC,2007.0,Platform,Activision,0.02,0.0,0.0,0.0,0.02
15307,Hoppie,DS,2011.0,Platform,Jack of All Games,0.02,0.0,0.0,0.0,0.02
15364,Prehistorik Man,GBA,2001.0,Platform,THQ,0.01,0.01,0.0,0.0,0.02
15384,Ruff Trigger: The Vanocore Conspiracy,PS2,2006.0,Platform,Natsume,0.01,0.01,0.0,0.0,0.02
15428,Malice,PS2,2004.0,Platform,Evolved Games,0.01,0.01,0.0,0.0,0.02
15469,Mighty No. 9,WiiU,2016.0,Platform,Deep Silver,0.01,0.01,0.0,0.0,0.02
15487,Rainbow Islands Revolution,DS,2005.0,Platform,Rising Star Games,0.01,0.0,0.0,0.0,0.02
15490,Codename: Kids Next Door: Operation V.I.D.E.O.G.A.M.E.,XB,2005.0,Platform,Global Star,0.01,0.0,0.0,0.0,0.02
15561,Garfield's Nightmare,DS,2007.0,Platform,Game Factory,0.01,0.0,0.0,0.0,0.02
15658,Ozzy & Drix,GBA,2003.0,Platform,Midway Games,0.01,0.0,0.0,0.0,0.02
15659,Barnyard Blast: Swine of the Night,DS,2008.0,Platform,Big Ben Interactive,0.02,0.0,0.0,0.0,0.02
15678,Spirits & Spells,GC,2003.0,Platform,Wanadoo,0.01,0.0,0.0,0.0,0.02
15738,Cookie & Cream,DS,2007.0,Platform,505 Games,0.01,0.0,0.0,0.0,0.02
15787,Gummy Bears Magical Medallion,Wii,2011.0,Platform,Storm City Games,0.02,0.0,0.0,0.0,0.02
15800,Wall-E,PC,2008.0,Platform,THQ,0.0,0.01,0.0,0.0,0.02
15836,Kao the Kangaroo Round 2,GC,2005.0,Platform,JoWood Productions,0.01,0.0,0.0,0.0,0.02
15863,Contrast,PC,2013.0,Platform,Focus Home Interactive,0.0,0.01,0.0,0.0,0.02
15893,Mission: Impossible - Operation Surma,GC,2004.0,Platform,Atari,0.01,0.0,0.0,0.0,0.02
15912,Kao the Kangaroo Round 2,PS2,2005.0,Platform,JoWood Productions,0.01,0.01,0.0,0.0,0.02
15916,Dragon Tales: Dragon Adventures,GBA,2003.0,Platform,NewKidCo,0.01,0.0,0.0,0.0,0.02
15922,Rayman 10th Anniversary,GBA,2005.0,Platform,Ubisoft,0.01,0.0,0.0,0.0,0.02
15994,Donkey Kong Jungle Beat,Wii,2008.0,Platform,Nintendo,0.0,0.01,0.0,0.0,0.01
16036,NiGHTS into dreams...,PS2,2008.0,Platform,Sega,0.0,0.0,0.01,0.0,0.01
16056,Banjo-Kazooie,X360,2008.0,Platform,Microsoft Game Studios,0.0,0.01,0.0,0.0,0.01
16162,Malice,XB,2004.0,Platform,Evolved Games,0.01,0.0,0.0,0.0,0.01
16164,htoL#NiQ: The Firefly Diary,PSV,2014.0,Platform,Nippon Ichi Software,0.0,0.0,0.01,0.0,0.01
16181,Putty Squad,PS3,2013.0,Platform,System 3,0.0,0.01,0.0,0.0,0.01
16241,Kao the Kangaroo,GBA,2001.0,Platform,Titus,0.01,0.0,0.0,0.0,0.01
16253,Strider (2014),PS3,2014.0,Platform,Capcom,0.0,0.0,0.01,0.0,0.01
16257,Goku Makaimura Kai,PSP,2007.0,Platform,Capcom,0.0,0.0,0.01,0.0,0.01
16501,The Land Before Time: Into the Mysterious Beyond,GBA,2006.0,Platform,Game Factory,0.01,0.0,0.0,0.0,0.01
16565,Mighty No. 9,XOne,2016.0,Platform,Deep Silver,0.01,0.0,0.0,0.0,0.01
16568,Teslagrad,PSV,2015.0,Platform,Rain Games,0.0,0.01,0.0,0.0,0.01
16596,Woody Woodpecker in Crazy Castle 5,GBA,2002.0,Platform,Kemco,0.01,0.0,0.0,0.0,0.01
16600,Spirits & Spells,GBA,2003.0,Platform,Wanadoo,0.01,0.0,0.0,0.0,0.01
